Actual,Predicted,Actual_Restored,Predicted_Restored
0.0033975084937712344,0.006932661,3.0,6.121539607644081
0.0033975084937712344,0.014250435,3.0,12.583134047687054
0.0033975084937712344,0.01992575,3.0,17.594437949359417
0.0,0.023767859,0.0,20.987019270658493
0.0,0.025439344,0.0,22.46294105798006
0.0,0.029965624,0.0,26.4596461802721
0.0011325028312570782,0.018702582,1.0,16.514379486441612
0.0,0.0078807175,0.0,6.958673566579818
0.0,0.004312627,0.0,3.808049656450748
0.0,0.0109823495,0.0,9.697414621710777
0.0,0.031041883,0.0,27.409982629120346
0.011325028312570783,0.011995815,10.0,10.592304416000843
0.007927519818799548,0.012588076,7.000000000000001,11.115271367132664
0.0,0.019559465,0.0,17.271007902920246
0.0,0.020333864,0.0,17.954801730811596
0.0,0.022504754,0.0,19.87169810384512
0.0,0.017628953,0.0,15.566365376114843
0.0,0.012909032,0.0,11.398675613105297
0.007927519818799548,0.026172921,7.000000000000001,23.11068929731846
0.009060022650056626,0.02117116,8.0,18.694134317338467
0.010192525481313703,0.018209353,9.0,16.07885877788067
0.011325028312570783,0.005564682,10.0,4.913614369928837
0.0,-0.0052150413,0.0,-4.604881502687931
0.0,0.0014327317,0.0,1.265102133154869
0.0,0.030156158,0.0,26.62788743525743
0.007927519818799548,0.02489806,7.000000000000001,21.984986685216427
0.022650056625141565,0.022679456,20.0,20.0259592756629
0.023782559456398643,0.017113596,21.0,15.111305445432661
0.0,0.017698295,0.0,15.627594850957392
0.0,0.0108523,0.0,9.58258057385683
0.0,0.010045826,0.0,8.870464742183685
0.02491506228765572,0.019389085,22.0,17.120562471449375
0.023782559456398643,0.023544952,21.0,20.79019285738468
0.023782559456398643,0.022524826,21.0,19.889421559870243
0.01245753114382786,0.02586706,11.0,22.840613827109337
0.0,0.029345058,0.0,25.91168612986803
0.0,0.029445745,0.0,26.000592879951
0.0,0.030362703,0.0,26.810266666114327
0.0,0.03557142,0.0,31.409562714397904
0.0,0.01425264,0.0,12.58508139103651
0.0,0.015062936,0.0,13.300572179257868
0.0033975084937712344,0.00285656,3.0,2.522342525422573
0.0033975084937712344,0.004526086,3.0,3.996534071862697
0.0033975084937712344,0.0025131926,3.0,2.219149060547352
0.0033975084937712344,0.01350192,3.0,11.922195188701153
0.0033975084937712344,0.003008388,3.0,2.6564065888524055
0.0033975084937712344,0.0014723763,3.0,1.3001082614064217
0.0033975084937712344,0.0044276193,3.0,3.9095878228545184
0.0033975084937712344,0.0043490157,3.0,3.840180821716785
0.0033975084937712344,0.009619474,3.0,8.493995904922485
0.0033975084937712344,0.0029055178,3.0,2.5655722320079803
0.0,0.02610562,0.0,23.05126243084669
0.0,0.025116585,0.0,22.177944727241993
0.005662514156285391,0.017038025,5.0,15.04457604140043
0.005662514156285391,0.0067865252,5.0,5.992501795291901
0.0,-0.0023928732,0.0,-2.1129070073366165
0.0,-0.009444773,0.0,-8.339734733104706
0.0,-0.00028122216,0.0,-0.24831917136907575
0.004530011325028313,0.01012034,4.0,8.93625994771719
0.004530011325028313,0.0022804216,4.0,2.0136122331023216
0.006795016987542469,-0.00062615424,6.0,-0.5528941974043846
0.004530011325028313,0.0069900826,4.0,6.1722429022192955
0.004530011325028313,-0.003787838,4.0,-3.3446608856320377
0.004530011325028313,0.0058278963,4.0,5.146032430231571
0.004530011325028313,-0.003147781,4.0,-2.7794905304908752
0.004530011325028313,0.00027740747,4.0,0.24495079368352887
0.004530011325028313,0.018433094,4.0,16.276422023773193
0.004530011325028313,0.0050561205,4.0,4.464554361999035
0.005662514156285391,0.011662684,5.0,10.298150308430195
0.0033975084937712344,0.0034830198,3.0,3.075506456196308
0.0,-0.00046222657,0.0,-0.40814606100320816
0.0,0.003908567,0.0,3.4512647762894626
0.0,0.027109772,0.0,23.937928646802902
0.0011325028312570782,0.023375638,1.0,20.640688203275204
0.0022650056625141564,0.014863141,2.0,13.12415339797735
0.0022650056625141564,0.010250986,2.0,9.051620304584503
0.0,-0.006041035,0.0,-5.334233954548836
0.0,-0.004605219,0.0,-4.066408172249794
0.0,0.003936544,0.0,3.475968405604362
0.0,0.014135607,0.0,12.481740616261959
0.0011325028312570782,0.017840125,1.0,15.752830080687998
0.0033975084937712344,0.025337704,3.0,22.373192213475704
0.004530011325028313,0.0150999725,4.0,13.333275705575941
0.0022650056625141564,0.011047035,2.0,9.754532307386398
0.0,0.012365676,0.0,10.918892316520214
0.0,0.031000264,0.0,27.373233102262017
0.0,0.017007202,0.0,15.017359286546705
0.0,0.015404746,0.0,13.602390661835669
0.0033975084937712344,0.0052610487,3.0,4.645505979657173
0.0033975084937712344,0.0020117983,3.0,1.7764179185032842
0.0033975084937712344,0.014859922,3.0,13.12131132930517
0.0033975084937712344,0.017840557,3.0,15.753211654722689
0.0033975084937712344,0.0071745366,3.0,6.335115805268288
0.0033975084937712344,-0.002018027,3.0,-1.7819178476929662
0.0033975084937712344,0.005124368,3.0,4.524816744029522
0.0033975084937712344,0.012361422,3.0,10.91513578593731
0.0033975084937712344,0.018294096,3.0,16.15368676185608
0.0,0.020940565,0.0,18.490518517792225
0.0,0.022352837,0.0,19.737555094063282
0.005662514156285391,0.02458325,5.0,21.707010000944138
0.005662514156285391,0.016344033,5.0,14.431781299412249
0.0,0.006253049,0.0,5.521442070603371
0.0,0.0030815974,0.0,2.7210504934191704
0.0,0.010803603,0.0,9.539581127464771
0.004530011325028313,0.030996338,4.0,27.369766041636463
0.004530011325028313,0.012015171,4.0,10.609396301209927
0.006795016987542469,0.012663789,6.0,11.182125769555569
0.004530011325028313,0.01925391,4.0,17.001202166080475
0.004530011325028313,0.018980764,4.0,16.760014481842518
0.004530011325028313,0.020189546,4.0,17.827369160950184
0.004530011325028313,0.016946577,4.0,14.963827081024645
0.004530011325028313,0.012338102,4.0,10.894543945789337
0.004530011325028313,0.024800979,4.0,21.899264104664326
0.004530011325028313,0.020046718,4.0,17.70125236362219
0.005662514156285391,0.013898745,5.0,12.2725919932127
0.0033975084937712344,0.0039664656,3.0,3.5023891180753703
0.0,-0.0055561885,0.0,-4.906114466488361
0.0,0.0008423999,0.0,0.7438391074538231
0.0,0.027090594,0.0,23.92099465429783
0.0011325028312570782,0.023359269,1.0,20.62623444199562
0.0022650056625141564,0.020217374,2.0,17.85194121301174
0.0022650056625141564,0.015265442,2.0,13.479385666549204
0.0,0.014817648,0.0,13.083982862532139
0.0,0.006653063,0.0,5.87465462833643
0.0,0.0071829334,0.0,6.342530183494091
0.0,0.014806412,0.0,13.074061937630177
0.0011325028312570782,0.017850965,1.0,15.762402325868605
0.0033975084937712344,0.016407706,3.0,14.488004259765146
0.004530011325028313,0.015168801,4.0,13.39405123889446
0.0,0.018341742,0.0,16.19575858861208
0.0,0.021738335,0.0,19.194950237870216
0.016987542468856174,0.02312266,15.0,20.417309500277042
0.015855039637599096,0.03512112,14.000000000000002,31.011949412524697
0.011325028312570783,0.015310042,10.0,13.518766738474367
0.005662514156285391,0.015644938,5.0,13.814480036497114
0.013590033975084938,0.0051479563,12.0,4.545645423233509
0.013590033975084938,0.007938489,12.0,7.009686067700385
0.013590033975084938,0.007257104,12.0,6.40802276134491
0.013590033975084938,0.02232872,12.0,19.716259315609932
0.013590033975084938,0.008014612,12.0,7.07690230756998
0.013590033975084938,0.00466273,12.0,4.117190413177013
0.013590033975084938,0.008772142,12.0,7.745801590383052
0.013590033975084938,0.011003025,12.0,9.715670965611935
0.013590033975084938,0.014447935,12.0,12.75752653926611
0.013590033975084938,0.0076535717,12.0,6.758103780448436
0.0,0.0329678,0.0,29.110565997660157
0.0,0.02848465,0.0,25.151945911347866
0.02491506228765572,0.020242631,22.0,17.874243557453156
0.013590033975084938,0.008545496,12.0,7.545672588050365
0.0,0.00090777874,0.0,0.8015686273574829
0.0,-0.0063315257,0.0,-5.590737231075764
0.0,0.003414996,0.0,3.0154414400458336
0.015855039637599096,0.010139458,14.000000000000002,8.953141309320927
0.004530011325028313,0.004866831,4.0,4.297411777079105
0.005662514156285391,0.00784304,5.0,6.925404258072375
0.015855039637599096,0.015391253,14.000000000000002,13.59047634154558
0.015855039637599096,-0.0002522543,14.000000000000002,-0.22274055331945417
0.015855039637599096,0.0075250566,14.000000000000002,6.644624978303908
0.015855039637599096,0.0010021552,14.000000000000002,0.8849030807614325
0.015855039637599096,0.00507123,14.000000000000002,4.477896295487881
0.007927519818799548,0.028383486,7.000000000000001,25.062618114054203
0.006795016987542469,0.01287692,6.0,11.370320715010166
0.004530011325028313,0.016986728,4.0,14.99928057193756
0.005662514156285391,0.0067630336,5.0,5.971758641302586
0.0,0.0012337789,0.0,1.089426763355732
0.0,0.0056623146,0.0,4.999823786318302
0.020385050962627407,0.030441962,18.0,26.880252607166764
0.011325028312570783,0.028129555,10.0,24.838397316634655
0.013590033975084938,0.017909817,12.0,15.8143687620759
0.01245753114382786,0.015542209,11.0,13.723770678043364
0.0,-0.0045757666,0.0,-4.040401928126812
0.0,-0.0023238957,0.0,-2.0519998967647552
0.0,0.0064388216,0.0,5.685479432344437
0.013590033975084938,0.016518123,12.0,14.585503004491327
0.013590033975084938,0.02284392,12.0,20.171181090176105
0.011325028312570783,0.030132845,10.0,26.607302173972126
0.021517553793884488,0.019151509,19.0,16.910782277584076
0.027180067950169876,0.014269121,24.0,12.5996338352561
0.016987542468856174,0.014043264,15.0,12.400202192366123
0.015855039637599096,0.038257614,14.000000000000002,33.78147296607494
0.011325028312570783,0.02822452,10.0,24.922251500189304
0.005662514156285391,0.022488184,5.0,19.857066713273525
0.013590033975084938,0.008073404,12.0,7.1288161128759375
0.013590033975084938,0.0056817606,12.0,5.016994617879391
0.013590033975084938,0.017725207,12.0,15.651357702910898
0.013590033975084938,0.022941679,12.0,20.25750234723091
0.013590033975084938,0.011660732,12.0,10.296426646411419
0.013590033975084938,0.0016701669,12.0,1.4747573286294937
0.013590033975084938,0.008815199,12.0,7.783820837736129
0.013590033975084938,0.014662825,12.0,12.947274096310139
0.013590033975084938,0.02027516,12.0,17.902966871857643
0.0,0.024522848,0.0,21.65367516130209
0.0,0.02643866,0.0,23.345337592065334
0.02491506228765572,0.031262495,22.0,27.604782752692696
0.013590033975084938,0.019262783,12.0,17.00903759151697
0.0,0.00903175,0.0,7.975035481154918
0.0,0.007358484,0.0,6.497541345655918
0.0,0.009753816,0.0,8.612619377672672
0.015855039637599096,0.032514364,14.000000000000002,28.710182994604107
0.004530011325028313,0.013522364,4.0,11.94024758785963
0.005662514156285391,0.01438003,5.0,12.697566784918308
0.015855039637599096,0.024431676,14.000000000000002,21.573169618844986
0.015855039637599096,0.02100017,14.000000000000002,18.543149419128895
0.015855039637599096,0.022798754,14.000000000000002,20.131300024688244
0.015855039637599096,0.021655992,14.000000000000002,19.122240647673607
0.015855039637599096,0.017984092,14.000000000000002,15.879953444004057
0.007927519818799548,0.031319037,7.000000000000001,27.654709741473194
0.006795016987542469,0.023076102,6.0,20.376198187470436
0.004530011325028313,0.020965733,4.0,18.512741915881634
0.005662514156285391,0.004727304,5.0,4.174209415912628
0.0,-0.006188683,0.0,-5.464607276022434
0.0,0.0020207763,0.0,1.7843454480171201
0.020385050962627407,0.036376074,18.0,32.120073303580284
0.011325028312570783,0.02868057,10.0,25.3249436840415
0.013590033975084938,0.022514641,12.0,19.88042825460434
0.01245753114382786,0.017760597,11.0,15.682607300579546
0.0,0.017670274,0.0,15.60285174846649
0.0,0.0072696283,0.0,6.419081829488277
0.0,0.0082521215,0.0,7.286623291671275
0.013590033975084938,0.018029824,12.0,15.920334503054617
0.013590033975084938,0.022454083,12.0,19.826955258846283
0.011325028312570783,0.020860769,10.0,18.420058898627758
0.021517553793884488,0.0195055,19.0,17.22335720062256
0.0,0.022700228,0.0,20.04430114477873
0.0,0.024796322,0.0,21.8951523154974
0.0,0.028065331,0.0,24.781687520444393
0.01245753114382786,0.03026577,11.0,26.724675662815567
0.009060022650056626,0.012880258,8.0,11.37326804548502
0.0011325028312570782,0.012604527,1.0,11.129797495901585
0.0,0.0025715157,0.0,2.2706483975052834
0.0,0.0061161444,0.0,5.400555469095707
0.0,0.0053056404,0.0,4.684880472719669
0.0,0.016161598,0.0,14.270691268146036
0.0,0.0051412135,0.0,4.539691552519798
0.0,0.0026143417,0.0,2.3084637001156807
0.0,0.006424375,0.0,5.672723017632961
0.0,0.007274203,0.0,6.423121251165867
0.0,0.011768691,0.0,10.391754366457462
0.0,0.0050240085,0.0,4.436199463903904
0.0011325028312570782,0.02934789,1.0,25.914186097681522
0.0,0.040961675,0.0,36.16915933042765
0.0,0.026185371,0.0,23.121682576835155
0.0,0.0209404,0.0,18.49037378281355
0.0,-0.0023688301,0.0,-2.0916770175099373
0.0,-0.009941183,0.0,-8.778064616024494
0.0,0.0010645315,0.0,0.9399813190102576
0.0,0.01106707,0.0,9.772222869098186
0.0,0.002391331,0.0,2.11154518276453
0.006795016987542469,-0.0013339594,6.0,-1.17788615077734
0.08267270668176671,0.0067292377,73.0,5.941916920244694
0.0022650056625141564,-0.0040360913,2.0,-3.563868589699268
0.0022650056625141564,0.008401401,2.0,7.418437384068965
0.0022650056625141564,0.015214577,2.0,13.434471771121023
0.0022650056625141564,0.01963561,2.0,17.338243879377842
0.05436013590033975,0.06921483,48.0,61.11669339984655
0.0011325028312570782,0.02254083,1.0,19.90355295687914
0.0,0.02390796,0.0,21.110728204250336
0.0,0.015467174,0.0,13.657514952123163
0.0,0.0072890595,0.0,6.436239503324032
0.0,0.009982124,0.0,8.81421546638012
0.03171007927519819,0.02993165,28.000000000000004,26.429646566510197
0.10985277463193659,0.03268621,97.0,28.861924462020394
0.010192525481313703,0.017382868,9.0,15.349072121083735
0.005662514156285391,0.025351264,5.0,22.385165743529797
0.0,0.005293697,0.0,4.674334555864334
0.0,1.4342368e-05,0.0,0.0126643106341362
0.0,0.0042132214,0.0,3.7202744707465167
0.08946772366930918,0.01285056,79.0,11.347044698894024
0.19252548131370328,0.025486946,170.0,22.50497341156006
0.028312570781426957,0.04809548,25.0,42.46830849349499
0.014722536806342017,0.065221444,13.0,57.590534850955
0.0,0.037421957,0.0,33.04358772933483
0.0,0.01782421,0.0,15.738777630031107
0.01245753114382786,0.10349396,11.0,91.38516554236412
0.009060022650056626,0.023450397,8.0,20.706700511276722
0.0011325028312570782,0.09380579,1.0,82.83051252365112
0.0,0.0092519745,0.0,8.16949350386858
0.0,0.0056991354,0.0,5.03233652561903
0.0,0.016229391,0.0,14.330552339553831
0.0,0.018825717,0.0,16.623108349740505
0.0,0.0076856986,0.0,6.786471836268901
0.0,-0.0006937161,0.0,-0.6125513240695
0.0,0.00704284,0.0,6.2188278287649155
0.0,0.013398878,0.0,11.831209518015385
0.0,0.019200973,0.0,16.954459346830845
0.0011325028312570782,0.022419237,1.0,19.796185918152332
0.0,0.027176134,0.0,23.996526576578617
0.0,0.038088404,0.0,33.632060416042805
0.0,0.020245835,0.0,17.8770724684
0.0,0.006579973,0.0,5.810115985572338
0.0,0.0041073263,0.0,3.6267690956592555
0.0,0.012321465,0.0,10.87985334545374
0.0,0.03516776,0.0,31.05313309282064
0.0,0.011712953,0.0,10.342537894845009
0.006795016987542469,0.012179665,6.0,10.754644431173801
0.08267270668176671,0.019822702,73.0,17.50344569981098
0.0022650056625141564,0.018965803,2.0,16.746804125607014
0.0022650056625141564,0.022520252,2.0,19.885382138192654
0.0022650056625141564,0.029544413,2.0,26.08771675825119
0.0022650056625141564,0.02404774,2.0,21.234154246747494
0.05436013590033975,0.053112872,48.0,46.89866592735052
0.0011325028312570782,0.021878295,1.0,19.318534173071384
0.0,0.047117114,0.0,41.60441172122955
0.0,0.037174314,0.0,32.8249194920063
0.0,-0.008070819,0.0,-7.1265332475304595
0.0,0.0057424977,0.0,5.070625506341457
0.03171007927519819,0.04508665,28.000000000000004,39.81151046231389
0.10985277463193659,0.036250286,97.0,32.00900236517191
0.010192525481313703,0.021988109,9.0,19.41550002992153
0.005662514156285391,0.027208991,5.0,24.025539360940456
0.0,0.061019775,0.0,53.8804609067738
0.0,0.0065761358,0.0,5.80672787129879
0.0,0.004655294,0.0,4.110624708235264
0.08946772366930918,0.013699047,79.0,12.096258737146854
0.19252548131370328,0.024950974,170.0,22.031709767878056
0.028312570781426957,0.038589202,25.0,34.074265249073505
0.014722536806342017,0.051914357,13.0,45.8403769209981
0.0,0.087756865,0.0,77.48931155353785
0.0,0.024030454,0.0,21.21889128535986
0.0,0.019351155,0.0,17.087069481611252
0.006795016987542469,0.030242585,6.0,26.704202242195603
0.006795016987542469,0.027680114,6.0,24.441540583968163
0.0,0.014006935,0.0,12.368123658001423
0.0,0.002030298,0.0,1.7927532345056532
0.0,0.0040283054,0.0,3.5569936782121654
0.0,0.003005676,0.0,2.654011882841587
0.0,0.013770372,0.0,12.159238189458847
0.0,0.0030674413,0.0,2.7085506543517113
0.0,0.0015195012,0.0,1.3417195677757263
0.0,0.00451158,0.0,3.983725026249885
0.0,0.0043490157,0.0,3.840180821716785
0.0,0.009619474,0.0,8.493995904922485
0.0,0.0029055178,0.0,2.5655722320079803
0.0,0.02610562,0.0,23.05126243084669
0.0,0.0346609,0.0,30.605573065578934
0.0,0.021552548,0.0,19.030899718403816
0.0,0.012987688,0.0,11.4681286662817
0.0,-0.0028138608,0.0,-2.484639063477516
0.0,-0.010885552,0.0,-9.611942037940025
0.0,-0.00019666553,0.0,-0.1736556589603424
0.0033975084937712344,0.010824345,3.0,9.557896681129932
0.0,0.009367265,0.0,8.271294824779034
0.0011325028312570782,0.015093349,1.0,13.327427096664904
0.027180067950169876,0.010030925,24.0,8.857307016849518
0.0,-0.0034997314,0.0,-3.090262845158577
0.0,0.0044756755,0.0,3.9520214870572086
0.0,0.0021290332,0.0,1.8799363225698469
0.0,0.0064805374,0.0,5.7223144844174385
0.0022650056625141564,0.032290116,2.0,28.51217238605022
0.0,0.008610234,0.0,7.602836325764655
0.0,0.012034357,0.0,10.626336872577667
0.0,0.0041068345,0.0,3.626334890723228
0.0,0.00066065043,0.0,0.5833543315529823
0.0,0.0051726773,0.0,4.567474089562893
0.0033975084937712344,0.023067132,3.0,20.368277236819267
0.0,0.02130957,0.0,18.81634984910488
0.0,0.014064848,0.0,12.419261157512665
0.0,0.009748973,0.0,8.608343116939068
0.0,-0.0067513585,0.0,-5.961449563503265
0.0,-0.0053630695,0.0,-4.735590346157551
0.0,0.0029925704,0.0,2.6424396634101868
0.0011325028312570782,0.0135239065,1.0,11.941609412431717
0.0,0.018612586,0.0,16.434913404285908
0.009060022650056626,0.028299257,8.0,24.98824407160282
0.04416761041902605,0.016830437,39.0,14.861275769770144
0.0,0.010935627,0.0,9.656158573925495
0.0,0.011617482,0.0,10.258236348628998
0.006795016987542469,0.037054628,6.0,32.71923664212227
0.006795016987542469,0.025300644,6.0,22.34046895056963
0.0,0.016857028,0.0,14.884755730628966
0.0,0.0056680143,0.0,5.004856616258621
0.0,0.003601037,0.0,3.1797156408429146
0.0,0.01573734,0.0,13.896071091294287
0.0,0.01882606,0.0,16.62341097742319
0.0,0.007105835,0.0,6.2744521126151085
0.0,-0.0018638447,0.0,-1.6457748636603353
0.0,0.0055236965,0.0,4.877424046397209
0.0,0.012361422,0.0,10.91513578593731
0.0,0.018294096,0.0,16.15368676185608
0.0,0.020940565,0.0,18.490518517792225
0.0,0.025029957,0.0,22.10145229101181
0.0,0.034147605,0.0,30.152335479855534
0.0,0.018346183,0.0,16.19967959076166
0.0,0.005892597,0.0,5.203163273632526
0.0,0.0026180819,0.0,2.3117662891745567
0.0,0.011764534,0.0,10.38808336108923
0.0033975084937712344,0.03357915,3.0,29.650387994945046
0.0,0.018687606,0.0,16.501155972480774
0.0011325028312570782,0.018925615,1.0,16.711317740380764
0.027180067950169876,0.021667756,24.0,19.132628671824932
0.0,0.017879963,0.0,15.788007259368895
0.0,0.020620912,0.0,18.20826557278633
0.0,0.024219431,0.0,21.38575755804777
0.0,0.01915972,0.0,16.918032184243202
0.0022650056625141564,0.029885136,2.0,26.388574726879593
0.0,0.019933619,0.0,17.601385228335857
0.0,0.021688886,0.0,19.15128632634878
0.0,0.006959155,0.0,6.144934043288231
0.0,-0.004760228,0.0,-4.203281410038471
0.0,0.0033450872,0.0,2.953711971640587
0.0033975084937712344,0.026790656,3.0,23.65614937990904
0.0,0.02262891,0.0,19.981328271329403
0.0,0.019856118,0.0,17.532951898872852
0.0,0.014908373,0.0,13.164093673229216
0.0,0.013586871,0.0,11.997207380831242
0.0,0.0057554618,0.0,5.082072727382183
0.0,0.006542273,0.0,5.776826940476894
0.0011325028312570782,0.01414641,1.0,12.49127996712923
0.0,0.018590346,0.0,16.415275499224663
0.009060022650056626,0.018292055,8.0,16.151884153485298
0.04416761041902605,0.016649477,39.0,14.701488353312014
0.0,0.017610982,0.0,15.550497159361838
0.0,0.021265402,0.0,18.77735035121441
0.016987542468856174,0.02912163,15.0,25.714399196207523
0.015855039637599096,0.031290054,14.000000000000002,27.62911796569824
0.011325028312570783,0.014466554,10.0,12.773967117071152
0.005662514156285391,0.014631443,5.0,12.919563926756382
0.013590033975084938,0.0062368885,12.0,5.507172517478466
0.013590033975084938,0.009785391,12.0,8.640500597655773
0.013590033975084938,0.008237496,12.0,7.27370898425579
0.013590033975084938,0.02232872,12.0,19.716259315609932
0.013590033975084938,0.008014612,12.0,7.07690230756998
0.013590033975084938,0.00466273,12.0,4.117190413177013
0.013590033975084938,0.008772142,12.0,7.745801590383052
0.013590033975084938,0.011003025,12.0,9.715670965611935
0.013590033975084938,0.014447935,12.0,12.75752653926611
0.013590033975084938,0.0076535717,12.0,6.758103780448436
0.0,0.0329678,0.0,29.110565997660157
0.0,0.02848465,0.0,25.151945911347866
0.02491506228765572,0.020242631,22.0,17.874243557453156
0.013590033975084938,0.008545496,12.0,7.545672588050365
0.0,0.00090777874,0.0,0.8015686273574829
0.0,-0.0063315257,0.0,-5.590737231075764
0.0,0.003414996,0.0,3.0154414400458336
0.015855039637599096,0.010139458,14.000000000000002,8.953141309320927
0.004530011325028313,0.004866831,4.0,4.297411777079105
0.005662514156285391,0.00784304,5.0,6.925404258072375
0.015855039637599096,0.015391253,14.000000000000002,13.59047634154558
0.015855039637599096,-0.0002522543,14.000000000000002,-0.22274055331945417
0.015855039637599096,0.0075250566,14.000000000000002,6.644624978303908
0.015855039637599096,0.0010021552,14.000000000000002,0.8849030807614325
0.015855039637599096,0.00507123,14.000000000000002,4.477896295487881
0.007927519818799548,0.028383486,7.000000000000001,25.062618114054203
0.006795016987542469,0.01287692,6.0,11.370320715010166
0.004530011325028313,0.016986728,4.0,14.99928057193756
0.005662514156285391,0.0067630336,5.0,5.971758641302586
0.0,0.0012337789,0.0,1.089426763355732
0.0,0.0056623146,0.0,4.999823786318302
0.020385050962627407,0.030441962,18.0,26.880252607166764
0.011325028312570783,0.028129555,10.0,24.838397316634655
0.013590033975084938,0.017909817,12.0,15.8143687620759
0.01245753114382786,0.015542209,11.0,13.723770678043364
0.0,-0.0045757666,0.0,-4.040401928126812
0.0,-0.0023238957,0.0,-2.0519998967647552
0.0,0.0064388216,0.0,5.685479432344437
0.013590033975084938,0.016518123,12.0,14.585503004491327
0.013590033975084938,0.02284392,12.0,20.171181090176105
0.011325028312570783,0.030132845,10.0,26.607302173972126
0.021517553793884488,0.019151509,19.0,16.910782277584076
0.027180067950169876,0.014269121,24.0,12.5996338352561
0.016987542468856174,0.014043264,15.0,12.400202192366123
0.015855039637599096,0.038257614,14.000000000000002,33.78147296607494
0.011325028312570783,0.02822452,10.0,24.922251500189304
0.005662514156285391,0.022488184,5.0,19.857066713273525
0.013590033975084938,0.008073404,12.0,7.1288161128759375
0.013590033975084938,0.0056817606,12.0,5.016994617879391
0.013590033975084938,0.017725207,12.0,15.651357702910898
0.013590033975084938,0.022941679,12.0,20.25750234723091
0.013590033975084938,0.011660732,12.0,10.296426646411419
0.013590033975084938,0.0016701669,12.0,1.4747573286294937
0.013590033975084938,0.008815199,12.0,7.783820837736129
0.013590033975084938,0.014662825,12.0,12.947274096310139
0.013590033975084938,0.02027516,12.0,17.902966871857643
0.0,0.024522848,0.0,21.65367516130209
0.0,0.02643866,0.0,23.345337592065334
0.02491506228765572,0.031262495,22.0,27.604782752692696
0.013590033975084938,0.019262783,12.0,17.00903759151697
0.0,0.00903175,0.0,7.975035481154918
0.0,0.007358484,0.0,6.497541345655918
0.0,0.009753816,0.0,8.612619377672672
0.015855039637599096,0.032514364,14.000000000000002,28.710182994604107
0.004530011325028313,0.013522364,4.0,11.94024758785963
0.005662514156285391,0.01438003,5.0,12.697566784918308
0.015855039637599096,0.024431676,14.000000000000002,21.573169618844986
0.015855039637599096,0.02100017,14.000000000000002,18.543149419128895
0.015855039637599096,0.022798754,14.000000000000002,20.131300024688244
0.015855039637599096,0.021655992,14.000000000000002,19.122240647673607
0.015855039637599096,0.017984092,14.000000000000002,15.879953444004057
0.007927519818799548,0.031319037,7.000000000000001,27.654709741473194
0.006795016987542469,0.023076102,6.0,20.376198187470436
0.004530011325028313,0.020965733,4.0,18.512741915881634
0.005662514156285391,0.004727304,5.0,4.174209415912628
0.0,-0.006188683,0.0,-5.464607276022434
0.0,0.0020207763,0.0,1.7843454480171201
0.020385050962627407,0.036376074,18.0,32.120073303580284
0.011325028312570783,0.02868057,10.0,25.3249436840415
0.013590033975084938,0.022514641,12.0,19.88042825460434
0.01245753114382786,0.017760597,11.0,15.682607300579546
0.0,0.017670274,0.0,15.60285174846649
0.0,0.0072696283,0.0,6.419081829488277
0.0,0.0082521215,0.0,7.286623291671275
0.013590033975084938,0.018029824,12.0,15.920334503054617
0.013590033975084938,0.022454083,12.0,19.826955258846283
0.011325028312570783,0.020860769,10.0,18.420058898627758
0.021517553793884488,0.0195055,19.0,17.22335720062256
0.0,0.022700228,0.0,20.04430114477873
0.0,0.024796322,0.0,21.8951523154974
0.04077010192525481,0.028065331,36.0,24.781687520444393
0.04077010192525481,0.0414832,36.0,36.629666559398174
0.04077010192525481,0.01977148,36.0,17.45821601897478
0.04077010192525481,0.027402818,36.0,24.19668847322464
0.04077010192525481,0.012194574,36.0,10.767808735370636
0.04077010192525481,0.017272837,36.0,15.251915477216242
0.04077010192525481,0.018714108,36.0,16.52455698698759
0.04077010192525481,0.04596306,36.0,40.58538207784295
0.04077010192525481,0.020850219,36.0,18.410743229091167
0.04077010192525481,0.01675143,36.0,14.791513510048388
0.04077010192525481,0.018831559,36.0,16.6282661780715
0.04077010192525481,0.028473116,36.0,25.14176183193922
0.04077010192525481,0.024484664,36.0,21.619958490133286
0.04077010192525481,0.020764843,36.0,18.335356041789055
0.0,0.04933956,0.0,43.56683053448796
0.0,0.046482444,0.0,41.04399788379669
0.06115515288788222,0.031456284,54.0,27.775898970663544
0.04077010192525481,0.036210343,36.0,31.97373308241367
0.0,0.0071877465,0.0,6.346780128777027
0.0,0.00017081946,0.0,0.1508335843682289
0.0,0.0078826025,0.0,6.96033801883459
0.04077010192525481,0.011401437,36.0,10.06746906787157
0.04077010192525481,0.008658119,36.0,7.645118676126002
0.04077010192525481,0.018660538,36.0,16.47725496441126
0.04077010192525481,0.04307,36.0,38.030809704214334
0.04077010192525481,0.013037577,36.0,11.512180730700493
0.04077010192525481,0.018592551,36.0,16.41722284257412
0.04077010192525481,0.010887511,36.0,9.613672278821468
0.04077010192525481,0.018297412,36.0,16.15661435574293
0.04077010192525481,0.06889892,36.0,60.837749622762196
0.04077010192525481,0.04158449,36.0,36.71910619735718
0.04077010192525481,0.046340644,36.0,40.918788969516754
0.04077010192525481,0.014942288,36.0,13.194040656089781
0.0,0.007703021,0.0,6.801767691969871
0.0,0.013934709,0.0,12.304348163306713
0.04077010192525481,0.069832414,36.0,61.662021905183785
0.04077010192525481,0.06685735,36.0,59.035042569041245
0.07701019252548132,0.05314356,68.0,46.92576426267624
0.07701019252548132,0.027236521,68.0,24.04984825849533
0.0,0.007376559,0.0,6.513501666486263
0.0,0.024241067,0.0,21.404862575232983
0.0,0.04666269,0.0,41.20315372943878
0.07701019252548132,0.048055954,68.0,42.43340762704611
0.07701019252548132,0.050846066,68.0,44.897076565772295
0.07701019252548132,0.057927147,68.0,51.14967040717602
0.07701019252548132,0.08067332,68.0,71.23454339802265
0.07701019252548132,0.07017286,68.0,61.96263645589351
0.04077010192525481,0.05177421,36.0,45.71662851423025
0.04077010192525481,0.12189148,36.0,107.63018007576464
0.04077010192525481,0.072428875,36.0,63.954696334898465
0.04077010192525481,0.08350952,36.0,73.73890589177608
0.04077010192525481,0.032282896,36.0,28.505797468125817
0.04077010192525481,0.015305385,36.0,13.51465494930744
0.04077010192525481,0.025778867,36.0,22.762739829719067
0.04077010192525481,0.04115221,36.0,36.33740058541298
0.04077010192525481,0.024605952,36.0,21.72705579549074
0.04077010192525481,0.009810559,36.0,8.662723995745182
0.04077010192525481,0.015347987,36.0,13.552272886037825
0.04077010192525481,0.034361772,36.0,30.341444887220856
0.04077010192525481,0.029409513,36.0,25.968599870800972
0.0,0.03770701,0.0,33.29528843611479
0.0,0.04067549,0.0,35.91645863652229
0.06115515288788222,0.059776742,54.0,52.78286319598555
0.04077010192525481,0.031905763,36.0,28.172788597643372
0.0,0.014138252,0.0,12.484076112508774
0.0,0.015367016,0.0,13.569075301289557
0.0,0.0074156,0.0,6.547974906861781
0.04077010192525481,0.034729853,36.0,30.666460439562794
0.04077010192525481,0.01766184,36.0,15.595404475927351
0.04077010192525481,0.017705403,36.0,15.63387108594179
0.04077010192525481,0.037878305,36.0,33.44654306769371
0.04077010192525481,0.03188835,36.0,28.157413795590397
0.04077010192525481,0.03297963,36.0,29.121013231575485
0.04077010192525481,0.029610433,36.0,26.14601206034422
0.04077010192525481,0.029451989,36.0,26.006105966866016
0.04077010192525481,0.084918454,36.0,74.98299513757229
0.04077010192525481,0.044587195,36.0,39.3704931139946
0.04077010192525481,0.06974013,36.0,61.580536112189286
0.04077010192525481,0.02374927,36.0,20.97060500830412
0.0,-0.006381266,0.0,-5.634657718241215
0.0,0.007408805,0.0,6.541974984109402
0.04077010192525481,0.06760396,36.0,59.69429723918437
0.04077010192525481,0.060636483,36.0,53.54201460629701
0.07701019252548132,0.035809755,68.0,31.620013952255245
0.07701019252548132,0.030719101,68.0,27.124966561794277
0.0,0.040100634,0.0,35.40885990858078
0.0,0.026943848,0.0,23.791417375206947
0.0,0.025689654,0.0,22.683964528143406
0.07701019252548132,0.037983842,68.0,33.53973265737295
0.07701019252548132,0.04772356,68.0,42.1399048268795
0.07701019252548132,0.041208617,68.0,36.38720915466547
0.07701019252548132,0.07073161,68.0,62.45601168274879
0.0,0.06457254,0.0,57.01755538582801
0.0,0.051175196,0.0,45.18769782409072
0.004530011325028313,0.05419581,4.0,47.85490032657981
0.7089467723669309,0.19678351,626.0,173.75984182953835
0.636466591166478,0.17272569,562.0,152.5167863816023
0.5549263873159683,0.117927626,490.0,104.13009355962276
0.6274065685164213,0.46938983,554.0,414.4712164103985
0.6274065685164213,0.8780686,554.0,775.3345966935158
0.6274065685164213,0.59928113,554.0,529.165239751339
0.6274065685164213,0.70965284,554.0,626.6234586834908
0.6274065685164213,0.41134617,554.0,363.2186657488346
0.6274065685164213,0.40108556,554.0,354.15854555368423
0.6274065685164213,0.037538067,554.0,33.146112725138664
0.6274065685164213,0.35406128,554.0,312.63610646128654
0.6274065685164213,0.2057535,554.0,181.6803451180458
0.6274065685164213,0.34782764,554.0,307.1318089067936
0.6274065685164213,0.4996386,554.0,441.18087252974505
0.6387315968289922,0.52634656,564.0,464.76401627063746
0.6636466591166479,0.55286145,586.0,488.1766622066497
0.6862967157417894,0.5901943,606.0,521.141553580761
0.0,0.045942225,0.0,40.56698428839445
0.0,0.04150946,0.0,36.65285376086831
0.0,0.00828667,0.0,7.3171294778585425
0.6636466591166479,0.57238424,586.0,505.4152823686599
0.6636466591166479,0.54075056,586.0,477.4827472567558
0.6862967157417894,0.5719479,606.0,505.02997153997416
0.6749716874292186,0.5661586,596.0,499.9180373549461
0.6636466591166479,0.12888622,586.0,113.80653476715086
0.6636466591166479,0.25527102,586.0,225.4043084979057
0.6636466591166479,0.47311226,586.0,417.7581214606762
0.6636466591166479,0.5614293,586.0,495.74209111928934
0.7497168742921858,0.7199025,662.0,635.6739211082458
0.7497168742921858,0.63410753,662.0,559.9169490933418
0.738391845979615,0.67321277,652.0,594.4468729496002
0.738391845979615,0.5916067,652.0,522.3886954188347
0.0,0.13755193,0.0,121.45835730433463
0.0,0.13663973,0.0,120.6528808325529
0.6636466591166479,0.5312612,586.0,469.10364460945124
0.6636466591166479,0.6909689,586.0,610.1255131959915
0.622876557191393,0.70569247,550.0,623.1264510750771
0.6998867497168744,0.6175723,618.0,545.3163475990295
0.0,0.42650038,0.0,376.5998355746269
0.0,0.5179286,0.0,457.33095407485956
0.0,0.42317036,0.0,373.6594260632992
0.622876557191393,0.4841136,550.0,427.472312182188
0.622876557191393,0.5408311,550.0,477.5538516044616
0.6545866364665912,0.5717691,578.0,504.8721314668655
0.622876557191393,0.5959236,550.0,526.2005410790443
0.0,0.62934864,0.0,555.7148452997208
0.004530011325028313,0.06557265,4.0,57.900649279355996
0.7089467723669309,0.38797536,626.0,342.58224722743034
0.636466591166478,0.29863662,562.0,263.6961312890053
0.5549263873159683,0.13359708,490.0,117.96621805429457
0.6274065685164213,0.37305883,554.0,329.410943120718
0.6274065685164213,0.7559326,554.0,667.4885115027428
0.6274065685164213,0.49718007,554.0,439.0100057423114
0.6274065685164213,0.1777187,554.0,156.92561119794846
0.6274065685164213,0.016368106,554.0,14.453037604689596
0.6274065685164213,0.036287345,554.0,32.041725628077984
0.6274065685164213,0.025697924,554.0,22.69126706570387
0.6274065685164213,0.07608101,554.0,67.17952981591225
0.6274065685164213,0.055071466,554.0,48.62810418754816
0.6274065685164213,0.4349247,554.0,384.03850296139717
0.6387315968289922,0.5250843,564.0,463.6494516730308
0.6636466591166479,0.511027,586.0,451.23682200908655
0.6862967157417894,0.48681262,606.0,429.85554465651506
0.0,0.027587004,0.0,24.359324537217617
0.0,0.041118257,0.0,36.30742070823908
0.0,0.0148585215,0.0,13.120074503123758
0.6636466591166479,0.56874114,586.0,502.1984290480613
0.6636466591166479,0.5336523,586.0,471.2149858474731
0.6862967157417894,0.5319894,606.0,469.74663633108133
0.6749716874292186,0.50549054,596.0,446.34814810752863
0.6636466591166479,0.049451035,586.0,43.66526347771287
0.6636466591166479,0.41815037,586.0,369.22677260637283
0.6636466591166479,0.6195317,586.0,547.0464832186699
0.6636466591166479,0.35913128,586.0,317.11291724443436
0.7497168742921858,0.57435495,662.0,507.15541785955423
0.7497168742921858,0.47855017,662.0,422.55979648232454
0.738391845979615,0.45465937,652.0,401.4642259776592
0.738391845979615,0.51761585,652.0,457.05479973554606
0.0,0.019457541,0.0,17.18100906163454
0.0,0.027425058,0.0,24.216326378285885
0.6636466591166479,0.62059814,586.0,547.9881553053856
0.6636466591166479,0.61480695,586.0,542.8745369315147
0.622876557191393,0.35294092,550.0,311.64682972431183
0.6998867497168744,0.2297138,618.0,202.83728325366974
0.0,0.35799894,0.0,316.11306169629097
0.0,0.17851824,0.0,157.63160210847855
0.0,0.08886668,0.0,78.46927919983864
0.622876557191393,0.28223658,550.0,249.21489667892453
0.622876557191393,0.38109863,550.0,336.5100885629654
0.6545866364665912,0.41100875,578.0,362.9207222163677
0.622876557191393,0.44472083,550.0,392.68849685788155
0.0,0.4095097,0.0,361.5970550477505
0.0,0.35064366,0.0,309.61835584044456
0.0362400906002265,0.28109986,32.0,248.2111727595329
0.03397508493771235,0.058941934,30.0,52.04572794958949
0.03397508493771235,0.038503893,30.0,33.9989372715354
0.03397508493771235,0.12043801,30.0,106.34676238894461
0.03397508493771235,0.027193896,30.0,24.012210585176945
0.03397508493771235,0.020222522,30.0,17.856487207114697
0.03397508493771235,0.015732981,30.0,13.892222456634043
0.03397508493771235,0.03867524,30.0,34.15023795515299
0.03397508493771235,0.016826235,30.0,14.857565291225908
0.03397508493771235,0.013072588,30.0,11.54309480637312
0.03397508493771235,0.016184881,30.0,14.291250213980673
0.03397508493771235,0.023530073,30.0,20.777054868638515
0.03397508493771235,0.022110254,30.0,19.523353904485703
0.03397508493771235,0.015710764,30.0,13.8726042881608
0.03397508493771235,0.04446913,30.0,39.266241166740656
0.03397508493771235,0.060031705,30.0,53.00799516588449
0.0362400906002265,0.05622358,32.0,49.64542003720999
0.0362400906002265,0.0673422,32.0,59.46316205710172
0.0,0.0054012015,0.0,4.769260965287685
0.0,-0.0040365085,0.0,-3.5642370060086246
0.0,0.006379783,0.0,5.633348524570465
0.03850509626274066,0.039649867,34.0,35.01083213835955
0.03850509626274066,0.013548411,34.0,11.963247291743755
0.03850509626274066,0.021647595,34.0,19.114826269447803
0.03850509626274066,0.021371715,34.0,18.871224142611027
0.03850509626274066,0.009190142,34.0,8.114895522594452
0.03850509626274066,0.016381703,34.0,14.465044029057024
0.03850509626274066,0.00853204,34.0,7.533791162073611
0.03850509626274066,0.012469076,34.0,11.010193772614002
0.0,0.049273744,0.0,43.50871615111828
0.0,0.027513757,0.0,24.294647738337517
0.0,0.034561202,0.0,30.517541304230686
0.0,0.010968469,0.0,9.685158200562
0.0,0.0058724135,0.0,5.1853411346673965
0.0,0.012332499,0.0,10.88959664106369
0.03850509626274066,0.058103167,34.0,51.30509603768587
0.03850509626274066,0.04869265,34.0,42.995610915124416
0.03850509626274066,0.03850352,34.0,33.99860832840204
0.0,0.0252539,0.0,22.299193166196346
0.0,0.002826102,0.0,2.4954481348395348
0.0,0.0055211857,0.0,4.875206969678402
0.0,0.019727401,0.0,17.419295467436314
0.03850509626274066,0.026451416,34.0,23.35660060495138
0.03850509626274066,0.03359454,34.0,29.66397992521524
0.03850509626274066,0.041552827,34.0,36.69114603102207
0.03850509626274066,0.043030158,34.0,37.995629236102104
0.0,0.028972842,0.0,25.58301930874586
0.0362400906002265,0.019700699,32.0,17.395716823637486
0.03397508493771235,0.06984414,30.0,61.672377035021775
0.03397508493771235,0.050265647,30.0,44.384566716849804
0.03397508493771235,0.054776736,30.0,48.36785753816366
0.03397508493771235,0.018631846,30.0,16.45191976428032
0.03397508493771235,0.010545656,30.0,9.311814323067665
0.03397508493771235,0.020247981,30.0,17.87896718084812
0.03397508493771235,0.03531594,30.0,31.183973513543602
0.03397508493771235,0.020919941,30.0,18.472308225929737
0.03397508493771235,0.006851159,30.0,6.049573428928852
0.03397508493771235,0.013784304,30.0,12.171540662646294
0.03397508493771235,0.026518293,30.0,23.415652476251125
0.03397508493771235,0.026013903,30.0,22.97027663141489
0.03397508493771235,0.031957448,30.0,28.21842616796493
0.03397508493771235,0.041293114,30.0,36.46182003617287
0.0362400906002265,0.07832826,32.0,69.16385295242071
0.0362400906002265,0.05251225,32.0,46.36831749230623
0.0,0.011166692,0.0,9.860188841819763
0.0,0.008874759,0.0,7.836412265896796
0.0,0.017774194,0.0,15.694613724946974
0.03850509626274066,0.049867257,34.0,44.03278835117817
0.03850509626274066,0.032430746,34.0,28.636348418891426
0.03850509626274066,0.017714612,34.0,15.642002560198305
0.03850509626274066,0.025886841,34.0,22.858080707490444
0.03850509626274066,0.032643028,34.0,28.823793374001976
0.03850509626274066,0.037598774,34.0,33.19971729815006
0.03850509626274066,0.030928455,34.0,27.309826023876663
0.03850509626274066,0.023732424,34.0,20.955730199813843
0.0,0.057857495,0.0,51.088167909532785
0.0,0.030600876,0.0,27.020573168992993
0.0,0.04389289,0.0,38.7574220597744
0.0,0.013430342,0.0,11.85899205505848
0.0,-0.0051391944,0.0,-4.537908680737019
0.0,0.0067565814,0.0,5.966061346232891
0.03850509626274066,0.056394063,34.0,49.7959575727582
0.03850509626274066,0.046975315,34.0,41.479202806949615
0.03850509626274066,0.032122806,34.0,28.36443744599819
0.0,0.028682582,0.0,25.326719976961613
0.0,0.032521896,0.0,28.71683422476053
0.0,0.016512021,0.0,14.580114915966986
0.0,0.015541479,0.0,13.72312594950199
0.03850509626274066,0.027206026,34.0,24.022920973598957
0.03850509626274066,0.036335133,34.0,32.08392245322466
0.03850509626274066,0.032031573,34.0,28.283879272639748
0.03850509626274066,0.033407032,34.0,29.498409688472744
0.0,0.034443915,0.0,30.413976848125454
0.0,0.03161276,0.0,27.914068244397637
0.0,0.03544709,0.0,31.299781233072277
0.3352208380520951,0.080378756,296.0,70.97444148361683
0.3023782559456399,0.11680703,267.0,103.1406062990427
0.27633069082672707,0.13713622,243.99999999999997,121.09128308296202
0.31370328425821065,0.035893463,277.0,31.69392747431993
0.31370328425821065,0.02516742,277.0,22.222832307219505
0.31370328425821065,0.03815128,277.0,33.687579438090324
0.31370328425821065,0.10656078,277.0,94.09317015111446
0.31370328425821065,0.052629385,277.0,46.47174708172679
0.31370328425821065,0.043402147,277.0,38.32409540191293
0.31370328425821065,0.03716378,277.0,32.815616980195045
0.31370328425821065,0.14882177,277.0,131.4096239209175
0.31370328425821065,0.078448445,277.0,69.26997658610344
0.31370328425821065,0.06147533,277.0,54.28271559625863
0.3125707814269536,0.23953724,276.0,211.51138210296628
0.31370328425821065,0.24788147,277.0,218.8793398737907
0.33182332955832394,0.25166318,293.0,222.21858635544774
0.33182332955832394,0.30473676,293.0,269.08256193995476
0.0,0.012804933,0.0,11.306755743920803
0.0,-0.0045175925,0.0,-3.9890341684222217
0.0,0.026841462,0.0,23.701010644435883
0.3284258210645527,0.18359745,290.0,162.11654436588287
0.33182332955832394,0.14196414,293.0,125.35433346033095
0.32389580973952437,0.09825583,286.0,86.7598961442709
0.22197055492638734,0.11047303,196.0,97.54768488556147
0.32955832389580975,0.0439177,291.0,38.77932967245579
0.32955832389580975,0.076227054,291.0,67.30848868191242
0.32955832389580975,0.0347856,291.0,30.715683490037915
0.32955832389580975,0.096301295,291.0,85.03404336422682
0.3125707814269536,0.21218666,276.0,187.36082461476326
0.3680634201585504,0.23748484,325.0,209.69911596179006
0.3691959229898075,0.19311681,326.0,170.52214667201042
0.3691959229898075,0.060777456,326.0,53.6664932668209
0.0,0.03006608,0.0,26.54834898561239
0.0,0.028000034,0.0,24.72403036803007
0.2967157417893545,0.20002016,262.0,176.6178050339222
0.22197055492638734,0.20522875,196.0,181.21698266267776
0.3012457531143828,0.19181061,266.0,169.36876678466797
0.3442808607021518,0.14887859,304.0,131.4597943276167
0.0,0.15104467,0.0,133.37244075536728
0.0,0.2016837,0.0,178.08670717477798
0.0,0.15625036,0.0,137.96906578540802
0.22083805209513024,0.21194628,195.0,187.14856418967247
0.11891279728199321,0.20149407,105.0,177.91926196217537
0.2740656851642129,0.22415125,242.0,197.92555701732635
0.25254813137032844,0.17844915,223.0,157.57060289382935
0.0,0.23562196,0.0,208.0541897714138
0.0,0.16018793,0.0,141.44594207406044
0.3352208380520951,0.29554337,296.0,260.96479803323746
0.3023782559456399,0.17247277,267.0,152.29346030950546
0.27633069082672707,0.23866627,243.99999999999997,210.7423130571842
0.31370328425821065,0.09676358,277.0,85.44224205613136
0.31370328425821065,0.0306722,277.0,27.083552621304985
0.31370328425821065,0.033188604,277.0,29.30553717166185
0.31370328425821065,0.047857404,277.0,42.258087515830994
0.31370328425821065,0.0639921,277.0,56.505022510886185
0.31370328425821065,0.030793235,277.0,27.19042624533176
0.31370328425821065,0.033244245,277.0,29.35466811805963
0.31370328425821065,0.06417938,277.0,56.67039538174867
0.31370328425821065,0.097525835,277.0,86.11531233787537
0.3125707814269536,0.24302861,276.0,214.5942634642124
0.31370328425821065,0.2273792,277.0,200.77583611011505
0.33182332955832394,0.24230182,293.0,213.9525085687637
0.33182332955832394,0.14821835,293.0,130.8768018335104
0.0,0.025189273,0.0,22.242128111422062
0.0,0.02087117,0.0,18.429242990911007
0.0,0.04622737,0.0,40.81876723095775
0.3284258210645527,0.14801654,290.0,130.69860675930977
0.33182332955832394,0.080935664,293.0,71.46619173139334
0.32389580973952437,0.028912932,286.0,25.53011867403984
0.22197055492638734,0.09011534,196.0,79.57184395194054
0.32955832389580975,0.24041054,291.0,212.2825037539005
0.32955832389580975,0.21119142,291.0,186.4820201396942
0.32955832389580975,0.1541937,291.0,136.15303653478622
0.32955832389580975,0.12378493,291.0,109.3020927608013
0.3125707814269536,0.21022347,276.0,185.62732061743736
0.3680634201585504,0.20948619,325.0,184.97630268335342
0.3691959229898075,0.20152624,326.0,177.94766949117184
0.3691959229898075,0.053751435,326.0,47.462517220526934
0.0,-0.018990748,0.0,-16.76883015781641
0.0,0.00910788,0.0,8.04225829988718
0.2967157417893545,0.22409162,262.0,197.87289980053902
0.22197055492638734,0.22165066,196.0,195.71753281354904
0.3012457531143828,0.123940974,266.0,109.4398804605007
0.3442808607021518,0.13944952,304.0,123.13392783701418
0.0,0.17053047,0.0,150.57840344309807
0.0,0.14788601,0.0,130.58334508538246
0.0,0.12931575,0.0,114.18580619990824
0.22083805209513024,0.1648057,195.0,145.5234290510416
0.11891279728199321,0.14810523,105.0,130.77692154049873
0.2740656851642129,0.14008226,242.0,123.6926311701536
0.25254813137032844,0.1369811,223.0,120.95431116223334
0.0,0.215292,0.0,190.10284194350243
0.0,0.2040603,0.0,180.1852459460497
0.02491506228765572,0.106697835,22.0,94.21418832987547
0.021517553793884488,0.06783588,19.0,59.899084076285355
0.0,0.041547228,0.0,36.68620201572776
0.0,0.053334456,0.0,47.094324592500925
0.0,0.025635444,0.0,22.636096723377705
0.0,0.020772807,0.0,18.342388845980167
0.0,0.019853458,0.0,17.530603244900703
0.0,0.029009558,0.0,25.61543994396925
0.0,0.011295147,0.0,9.973615013062954
0.0,0.006789319,0.0,5.994968868792057
0.0,0.0116680935,0.0,10.302926562726498
0.0,0.015944168,0.0,14.078700318932531
0.0,0.017890744,0.0,15.797526873648165
0.0,0.010985829,0.0,9.700486950576305
0.0022650056625141564,0.037357643,2.0,32.986798986792564
0.03284258210645527,0.045794465,29.0,40.436512283980846
0.10645526613816535,0.032371864,94.0,28.584355667233464
0.1143827859569649,0.035668463,101.0,31.49525240063667
0.0,0.008436829,0.0,7.449719876050948
0.0,0.005489193,0.0,4.846957333385944
0.0,0.010042615,0.0,8.867629252374172
0.13250283125707815,0.042588662,117.0,37.60578886047006
0.12344280860702153,0.01309406,109.0,11.562055088579655
0.11098527746319367,0.05326173,98.0,47.03010831400752
0.09626274065685164,0.10109697,85.0,89.26862700283527
0.0,0.026158102,0.0,23.09760393947363
0.0,0.0291496,0.0,25.739096246659756
0.0,0.020572163,0.0,18.165220074355602
0.0,0.03853759,0.0,34.028693467378616
0.08607021517553795,0.13911456,76.0,122.83815532922743
0.10079275198187997,0.10472706,89.0,92.47399362921715
0.1291053227633069,0.10503757,114.0,92.74817430973053
0.1562853907134768,0.026392624,138.0,23.304686799645424
0.0,0.020214073,0.0,17.849026776850224
0.0,0.025838308,0.0,22.81522599607706
0.13023782559456398,0.12188464,114.99999999999999,107.62413410097359
0.12117780294450738,0.090483285,107.0,79.89674108475447
0.1359003397508494,0.09944087,120.0,87.80629056692123
0.11551528878822198,0.105270214,102.0,92.95359929651022
0.0,0.08876516,0.0,78.37963561713696
0.0,0.07241221,0.0,63.9399794191122
0.0,0.052487656,0.0,46.34660066664219
0.0011325028312570782,0.07902625,1.0,69.78018054366112
0.0,0.0762215,0.0,67.30358742922544
0.0,0.066436484,0.0,58.66341577470302
0.02491506228765572,0.0966058,22.0,85.30292148143053
0.0,0.07115933,0.0,62.83369103074073
0.02491506228765572,0.048749782,22.0,43.046057634055614
0.021517553793884488,0.07774386,19.0,68.64782670140266
0.0,0.097562745,0.0,86.1479040235281
0.0,0.037152067,0.0,32.80527500808239
0.0,0.0055556297,0.0,4.90562105178833
0.0,0.004829243,0.0,4.264221414923668
0.0,0.020479977,0.0,18.083819806575775
0.0,0.037687205,0.0,33.27780181914568
0.0,0.015621729,0.0,13.793986879289148
0.0,0.0037686005,0.0,3.3276742622256275
0.0,0.010572001,0.0,9.335077181458473
0.0,0.018186137,0.0,16.058359041810036
0.0,0.021863364,0.0,19.30535013228655
0.0022650056625141564,0.027532525,2.0,24.3112198933959
0.03284258210645527,0.033586465,29.0,29.656848438084122
0.10645526613816535,0.050341807,94.0,44.451815851032734
0.1143827859569649,0.025824122,101.0,22.802699841558933
0.0,0.011141494,0.0,9.837939128279686
0.0,0.01589489,0.0,14.03518772125244
0.0,0.010504857,0.0,9.275788471102715
0.13250283125707815,0.042571507,117.0,37.590641029179096
0.12344280860702153,0.031406052,109.0,27.731544278562065
0.11098527746319367,0.025763564,98.0,22.749226845800877
0.09626274065685164,0.07112016,85.0,62.799099370837205
0.0,0.045299742,0.0,39.99967251345515
0.0,0.036802225,0.0,32.49636451154947
0.0,0.03695427,0.0,32.63061936199665
0.0,0.05993252,0.0,52.920414056628935
0.08607021517553795,0.14970145,76.0,132.18637707829475
0.10079275198187997,0.100223646,89.0,88.49747903645039
0.1291053227633069,0.12541632,114.0,110.74261368811129
0.1562853907134768,0.047388487,138.0,41.844033636152744
0.0,-0.004629448,0.0,-4.08780263364315
0.0,0.018625014,0.0,16.445886947214603
0.13023782559456398,0.11418284,114.99999999999999,100.82344534248114
0.12117780294450738,0.080219224,107.0,70.83357487618923
0.1359003397508494,0.061389517,120.0,54.206943545490496
0.11551528878822198,0.07245925,102.0,63.981518357992165
0.0,0.094709896,0.0,83.62883777171373
0.0,0.065247454,0.0,57.61350166052579
0.0,0.046111427,0.0,40.71639025956392
0.0011325028312570782,0.08385866,1.0,74.0471979752183
0.0,0.08584984,0.0,75.80540560185909
0.0,0.07384786,0.0,65.20766046643257
0.02491506228765572,0.086528085,22.0,76.40429920703173
0.0,0.057386085,0.0,50.6719134002924
0.0,0.05820186,0.0,51.392242942005396
0.023782559456398643,0.029749632,21.0,26.26892495155334
0.03850509626274066,0.04367177,34.0,38.562171284109354
0.0,0.018468887,0.0,16.308026880025864
0.0,0.026359215,0.0,23.27518717944622
0.0,0.010742895,0.0,9.485976554453373
0.0,0.013755456,0.0,12.146067306399345
0.0,0.014452793,0.0,12.761815957725048
0.0,0.035167553,0.0,31.052948884665962
0.0,0.015457228,0.0,13.648732170462607
0.0,0.01185146,0.0,10.464838951826096
0.0,0.0151990205,0.0,13.420735105872152
0.0,0.02185984,0.0,19.302238330245018
0.0,0.021308027,0.0,18.814988024532795
0.0,0.014668658,0.0,12.952425345778465
0.0022650056625141564,0.042845562,2.0,37.83263133466244
0.009060022650056626,0.058604456,8.0,51.7477350756526
0.020385050962627407,0.050318696,18.0,44.43140821903944
0.01925254813137033,0.0575397,17.0,50.80755639076233
0.0,0.002294369,0.0,2.0259278640151024
0.0,-0.007252075,0.0,-6.403582029044628
0.0,0.0044260025,0.0,3.9081602096557613
0.01245753114382786,0.01764714,11.0,15.582424379885195
0.007927519818799548,0.005751796,7.000000000000001,5.078835926949978
0.013590033975084938,0.008492485,12.0,7.498863980174064
0.02491506228765572,0.011169501,22.0,9.862669073045254
0.0,-0.0014806762,0.0,-1.307437114417553
0.0,0.0077459067,0.0,6.839635625481605
0.0,0.0029249117,0.0,2.5826970115303993
0.0,0.0069756806,0.0,6.159525960683823
0.013590033975084938,0.03261982,12.0,28.80330021679401
0.011325028312570783,0.01845894,10.0,16.299244098365307
0.022650056625141565,0.030132987,20.0,26.6074271723628
0.021517553793884488,0.0066616014,19.0,5.882194004952908
0.0,0.0021346062,0.0,1.8848573118448255
0.0,0.0094334185,0.0,8.32970854640007
0.05889014722536807,0.048478045,52.0,42.806113354861736
0.027180067950169876,0.038876966,24.0,34.32836066186428
0.04077010192525481,0.032610886,36.0,28.795412160456177
0.022650056625141565,0.022718996,20.0,20.060873299837112
0.0,-0.00079955906,0.0,-0.7060106471180916
0.0,0.002395384,0.0,2.1151240840554237
0.0,0.013912544,0.0,12.284776046872139
0.0,0.02550251,0.0,22.518716655671597
0.0,0.027417675,0.0,24.209806725382805
0.0,0.029268488,0.0,25.84407515823841
0.009060022650056626,0.0254075,8.0,22.434822998940945
0.0,0.014046542,0.0,12.40309689193964
0.023782559456398643,0.014106855,21.0,12.456352785229683
0.03850509626274066,0.031623863,34.0,27.92387074977159
0.0,0.030083872,0.0,26.564059309661385
0.0,0.033749707,0.0,29.800991319119927
0.0,0.009729825,0.0,8.591435439884663
0.0,0.005923882,0.0,5.230787917971611
0.0,0.017977402,0.0,15.874045625329016
0.0,0.032228716,0.0,28.457955978810784
0.0,0.020744212,0.0,18.3171391710639
0.0,0.0064825565,0.0,5.724097356200218
0.0,0.013030432,0.0,11.50587160140276
0.0,0.023898527,0.0,21.102399364113808
0.0,0.024868064,0.0,21.958500184118748
0.0022650056625141564,0.030984603,2.0,27.359404332935807
0.009060022650056626,0.039945193,8.0,35.27160509675741
0.020385050962627407,0.06767669,18.0,59.758520096540444
0.01925254813137033,0.037665986,17.0,33.259065218269825
0.0,0.011202842,0.0,9.892109483480453
0.0,0.008562423,0.0,7.560619764029979
0.0,0.013598651,0.0,12.007608562707901
0.01245753114382786,0.040295705,11.0,35.58110769093037
0.007927519818799548,0.018581845,7.000000000000001,16.40776901692152
0.013590033975084938,0.015365094,12.0,13.567377954721449
0.02491506228765572,0.02290354,22.0,20.22382514923811
0.0,0.020491496,0.0,18.093990728259087
0.0,0.023763262,0.0,20.982960112392902
0.0,0.022987612,0.0,20.298061035573483
0.0,0.018315218,0.0,16.17233783751726
0.013590033975084938,0.032643884,12.0,28.82454994320869
0.011325028312570783,0.025149517,10.0,22.207023300230503
0.022650056625141565,0.02355519,20.0,20.799232214689255
0.021517553793884488,0.0033275634,19.0,2.938238486647606
0.0,-0.00553862,0.0,-4.890601508319378
0.0,0.0039804727,0.0,3.5147573798894878
0.05889014722536807,0.050476767,52.0,44.57098536938429
0.027180067950169876,0.039822817,24.0,35.16354727745056
0.04077010192525481,0.029999003,36.0,26.489119485020634
0.022650056625141565,0.027858071,20.0,24.598676718771458
0.0,0.024746478,0.0,21.851139724254608
0.0,0.012126021,0.0,10.707276619970798
0.0,0.012701139,0.0,11.21510560810566
0.0,0.028376602,0.0,25.056539244949818
0.0,0.025946938,0.0,22.91114581376314
0.0,0.022040643,0.0,19.46188759058714
0.009060022650056626,0.018497378,8.0,16.333184450864792
0.0,0.021463789,0.0,18.952525727450848
0.0,0.023857854,0.0,21.066485352814198
0.06568516421291054,0.023181975,58.0,20.469683825969696
0.05096262740656852,0.096562505,45.0,85.2646917104721
0.08267270668176671,0.105656914,73.0,93.2950554266572
0.09173272933182333,0.087351665,81.0,77.1315201073885
0.0,0.009693235,0.0,8.559126645326614
0.0,0.008729033,0.0,7.707736290991305
0.0,0.014266863,0.0,12.597640439867973
0.0,0.047288183,0.0,41.75546569749713
0.0,0.018417038,0.0,16.262244574725628
0.0,0.013307989,0.0,11.75095397233963
0.0,0.016472876,0.0,14.545549571514128
0.0,0.024361804,0.0,21.511473044753075
0.0,0.022504747,0.0,19.871691524982452
0.0,0.016562313,0.0,14.624522238969801
0.05662514156285391,0.045257896,50.0,39.96272233128548
0.0362400906002265,0.055578254,32.0,49.0755984261632
0.005662514156285391,0.054667063,5.0,48.27101667970419
0.014722536806342017,0.06523493,13.0,57.602442592382424
0.0,0.006512359,0.0,5.750412806868553
0.0,-0.0067192093,0.0,-5.933061771094799
0.0,0.0017623231,0.0,1.5561312809586525
0.0011325028312570782,0.039334975,1.0,34.73278308659792
0.0,0.00505057,0.0,4.4596531093120575
0.0,0.0036305785,0.0,3.2058008313179016
0.0,0.0070105717,0.0,6.190334774553776
0.0,-0.004026212,0.0,-3.555145017802715
0.0,0.00513231,0.0,4.531829811632633
0.0,-0.0037068427,0.0,-3.2731420695781703
0.0,-0.00032215565,0.0,-0.28446344286203384
0.0,0.017821908,0.0,15.736744761466978
0.0,0.0044767633,0.0,3.952982001006603
0.0,0.011109576,0.0,9.8097552806139
0.01812004530011325,0.0030516014,16.0,2.6945639923214912
0.0,-0.0007955879,0.0,-0.702504113316536
0.0,0.004253663,0.0,3.7559845373034473
0.009060022650056626,0.03162574,8.0,27.925528623163697
0.009060022650056626,0.029690452,8.0,26.216669045388695
0.014722536806342017,0.017439216,13.0,15.398828059434889
0.006795016987542469,0.012868218,6.0,11.362636603415012
0.0,-0.004066877,0.0,-3.591052450239658
0.0,-0.0013291985,0.0,-1.1736822575330734
0.0,0.007881798,0.0,6.959627501666545
0.08493771234428087,0.016636424,75.0,14.689962185919283
0.01925254813137033,0.025781706,17.0,22.765246376395226
0.027180067950169876,0.053038776,24.0,46.83323913812637
0.029445073612684034,0.045014262,26.0,39.74759352207184
0.0,0.016946673,0.0,14.963912606239317
0.06568516421291054,0.012229815,58.0,10.798926755785942
0.05096262740656852,0.09883515,45.0,87.27143561095
0.08267270668176671,0.14679983,73.0,129.62425217032433
0.09173272933182333,0.12653236,81.0,111.7280746847391
0.0,0.017243154,0.0,15.22570528835058
0.0,0.006366499,0.0,5.621618412435055
0.0,0.02192349,0.0,19.358441554009914
0.0,0.08163715,0.0,72.0856048092246
0.0,0.024235427,0.0,21.399882376194
0.0,0.007363878,0.0,6.502304442226887
0.0,0.013108589,0.0,11.574883870780468
0.0,0.027820691,0.0,24.5656705647707
0.0,0.026581548,0.0,23.471507020294666
0.05662514156285391,0.032454714,50.0,28.657512620091435
0.0362400906002265,0.040793814,32.0,36.02093755453825
0.005662514156285391,0.07705137,5.0,68.03636088967323
0.014722536806342017,0.054552324,13.0,48.1697021946311
0.0,0.010901883,0.0,9.626362904906273
0.0,0.006099321,0.0,5.385700397193432
0.0,0.013088353,0.0,11.557015679776669
0.0011325028312570782,0.043178312,1.0,38.126449920237064
0.0,0.028904222,0.0,25.52242798358202
0.0,0.01569932,0.0,13.862499155104159
0.0,0.02048359,0.0,18.08701055496931
0.0,0.019019052,0.0,16.79382325708866
0.0,0.019465454,0.0,17.187995813786983
0.0,0.016677283,0.0,14.72604066878557
0.0,0.012177102,0.0,10.752381302416325
0.0,0.024366103,0.0,21.515269048511982
0.0,0.019778006,0.0,17.463979102671146
0.0,0.01254335,0.0,11.07577845454216
0.01812004530011325,0.0037035123,16.0,3.2702013179659843
0.0,-0.005783364,0.0,-5.106710568070412
0.0,0.001275368,0.0,1.1261499747633934
0.009060022650056626,0.028446876,8.0,25.11859107762575
0.009060022650056626,0.02423735,8.0,21.401579722762108
0.014722536806342017,0.021697164,13.0,19.15859544277191
0.006795016987542469,0.016681887,6.0,14.730106405913828
0.0,0.01785215,0.0,15.763448365032671
0.0,0.008760445,0.0,7.7354727759957305
0.0,0.009059243,0.0,7.999311484396457
0.08493771234428087,0.017697275,75.0,15.626693546772001
0.01925254813137033,0.025321007,17.0,22.35844898223877
0.027180067950169876,0.026799165,24.0,23.663662441074848
0.029445073612684034,0.029517926,26.0,26.064328901469707
0.0,0.026790723,0.0,23.656208589673042
0.0,0.026092619,0.0,23.03978231549263
0.022650056625141565,0.032002278,20.0,28.258011184632775
0.004530011325028313,0.048572674,4.0,42.88967148959637
0.08607021517553795,0.025992908,76.0,22.95173739641905
0.0883352208380521,0.029447667,78.0,26.002290226519108
0.0,0.014687292,0.0,12.968879081308842
0.0,0.0135810375,0.0,11.992056131362915
0.0,0.0111393705,0.0,9.836064152419567
0.0,0.026409589,0.0,23.319666869938374
0.0,0.00983163,0.0,8.681329019367695
0.0,0.0059799775,0.0,5.2803201749920845
0.0,0.010197394,0.0,9.00429854542017
0.0,0.01305867,0.0,11.530805490911007
0.0,0.01589454,0.0,14.034878514707087
0.0,0.009066738,0.0,8.005929820239544
0.016987542468856174,0.034845002,15.0,30.768136762082573
0.03737259343148358,0.03174527,33.0,28.03107331693172
0.04869762174405436,0.023084007,43.0,20.383178360760212
0.04190260475651189,0.018046863,37.0,15.935380361974238
0.0,0.0044021085,0.0,3.8870617970824237
0.0,-0.0033943206,0.0,-2.997185096144676
0.0,0.0037289336,0.0,3.2926483973860736
0.0,0.020881146,0.0,18.438052088022232
0.0,0.0048246533,0.0,4.260168835520744
0.0,0.009304963,0.0,8.21628237515688
0.0,0.009467259,0.0,8.359589740633965
0.0,-0.00345961,0.0,-3.054835669696331
0.0,0.0050291047,0.0,4.440699405968189
0.0,-0.0034498647,0.0,-3.0462305173277855
0.0,5.311519e-05,0.0,0.046900711953639984
0.0,0.018158287,0.0,16.033767253160477
0.0,0.0047981665,0.0,4.236780978739262
0.0,0.011209741,0.0,9.898201510310173
0.0,0.0030806586,0.0,2.720221556723118
0.0,-0.0007679984,0.0,-0.6781425848603249
0.0,0.002808638,0.0,2.4800272807478905
0.016987542468856174,0.021746874,15.0,19.202489614486694
0.01245753114382786,0.021940522,11.0,19.373480834066868
0.01812004530011325,0.01582358,16.0,13.972221426665781
0.0011325028312570782,0.013246514,1.0,11.696671776473522
0.0,-0.004697874,0.0,-4.148222908377647
0.0,-0.0027200058,0.0,-2.4017651304602623
0.0,0.004083194,0.0,3.6054601594805713
0.005662514156285391,0.013570398,5.0,11.98266151547432
0.027180067950169876,0.020039082,24.0,17.694509029388428
0.02491506228765572,0.028195165,22.0,24.896330781280994
0.01245753114382786,0.017899565,11.0,15.805316247045992
0.0,0.014832072,0.0,13.096719540655611
0.022650056625141565,0.012386136,20.0,10.936957873404026
0.004530011325028313,0.03643859,4.0,32.175276540219784
0.08607021517553795,0.031647682,76.0,27.944903373718258
0.0883352208380521,0.0371204,78.0,32.777314841747284
0.0,0.014839791,0.0,13.10353524237871
0.0,0.0058318004,0.0,5.149479754269123
0.0,0.01644814,0.0,14.52370774745941
0.0,0.02563253,0.0,22.633524388074875
0.0,0.01643829,0.0,14.515010491013525
0.0,0.004132174,0.0,3.64870960265398
0.0,0.010863237,0.0,9.59223834425211
0.0,0.015881598,0.0,14.023451030254362
0.0,0.02083797,0.0,18.399927578866482
0.016987542468856174,0.025775842,15.0,22.76006881147623
0.03737259343148358,0.028832324,33.0,25.45894195884466
0.04869762174405436,0.038567007,43.0,34.05466681718826
0.04190260475651189,0.023335703,37.0,20.605425499379635
0.0,0.00892783,0.0,7.883273504674434
0.0,0.007968821,0.0,7.036468617618083
0.0,0.00892926,0.0,7.884536646306514
0.0,0.035505548,0.0,31.351398989558216
0.0,0.022930361,0.0,20.24750905483961
0.0,0.016619273,0.0,14.674817644059656
0.0,0.023456223,0.0,20.71184518188238
0.0,0.019513749,0.0,17.23064000159502
0.0,0.019363694,0.0,17.098141707479954
0.0,0.017707087,0.0,15.63535790890455
0.0,0.013318531,0.0,11.760263063013554
0.0,0.025219038,0.0,22.26841066777706
0.0,0.019951187,0.0,17.61689818650484
0.0,0.013087191,0.0,11.555989377200603
0.0,0.0037857816,0.0,3.3428451195359226
0.0,-0.0057327747,0.0,-5.062040090560913
0.0,0.00032944232,0.0,0.29089757055044174
0.016987542468856174,0.024739414,15.0,21.844902962446213
0.01245753114382786,0.022547334,11.0,19.909296303987503
0.01812004530011325,0.02052012,16.0,18.119266718626022
0.0011325028312570782,0.016842425,1.0,14.871861159801481
0.0,0.017772317,0.0,15.692955851554869
0.0,0.007218465,0.0,6.373904779553413
0.0,0.0069918483,0.0,6.173802092671394
0.005662514156285391,0.014649615,5.0,12.9356097728014
0.027180067950169876,0.020466134,24.0,18.071596279740334
0.02491506228765572,0.019684516,22.0,17.38142753392458
0.01245753114382786,0.01724641,11.0,15.228580251336096
0.0,0.022510864,0.0,19.877092771232128
0.0,0.024634533,0.0,21.752292312681675
0.013590033975084938,0.026334621,12.0,23.253470353782177
0.03397508493771235,0.02877681,30.0,25.40992285311222
0.015855039637599096,0.011913732,14.000000000000002,10.519825085997581
0.04530011325028313,0.015110098,40.0,13.342216379940508
0.0,0.0037676692,0.0,3.326851904392242
0.0,0.0052142814,0.0,4.6042104586958885
0.0,0.0031335428,0.0,2.766918323934078
0.0,0.014119692,0.0,12.467688165605068
0.0,0.0036477745,0.0,3.220984846353531
0.0,0.001872383,0.0,1.6533142402768133
0.0,0.0049747154,0.0,4.392673708498478
0.0,0.00518699,0.0,4.580112084746361
0.0,0.010239236,0.0,9.041245438158512
0.0,0.0035171434,0.0,3.1056376472115517
0.0,0.02721037,0.0,24.026756450533867
0.014722536806342017,0.025880754,13.0,22.852705776691437
0.04643261608154021,0.017784603,41.0,15.70380439609289
0.04530011325028313,0.007577382,40.0,6.6908283308148375
0.0,0.0023578182,0.0,2.0819534584879875
0.0,-0.0025082007,0.0,-2.2147412225604057
0.0,0.0045364946,0.0,4.005724743008614
0.027180067950169876,0.013642199,24.0,12.046062014997005
0.015855039637599096,0.0023389235,14.000000000000002,2.065269462764263
0.0,0.0048725232,0.0,4.302438028156757
0.004530011325028313,0.013682924,4.0,12.082022078335285
0.0,-0.0012847856,0.0,-1.1344656571745872
0.0,0.00540784,0.0,4.775122731924057
0.0,-0.0025899932,0.0,-2.286963976919651
0.0,0.00075665116,0.0,0.6681229770183563
0.03397508493771235,0.019806422,30.0,17.489070884883404
0.005662514156285391,0.012927927,5.0,11.415359608829021
0.009060022650056626,0.030424625,8.0,26.86494359374046
0.11778029445073614,0.010735869,104.0,9.479772686958313
0.0,0.00064558536,0.0,0.570051871240139
0.0,0.009942308,0.0,8.779058024287224
0.0011325028312570782,0.06894836,1.0,60.8814003765583
0.0011325028312570782,0.08341098,1.0,73.65189385414124
0.035107587768969425,0.025866464,31.0,22.84008751809597
0.004530011325028313,0.01364968,4.0,12.052667193114758
0.0,0.004544623,0.0,4.012902282178402
0.0,0.020774104,0.0,18.34353356808424
0.0,0.012820415,0.0,11.320426620543003
0.07701019252548132,0.015794545,68.0,13.946583598852156
0.028312570781426957,0.020352945,25.0,17.971650198101997
0.07587768969422425,0.02701988,67.0,23.858554668724537
0.03850509626274066,0.021022953,34.0,18.563267581164837
0.0,0.031505384,0.0,27.819253675639626
0.013590033975084938,0.018332109,12.0,16.18725211918354
0.03397508493771235,0.04079423,30.0,36.02130597084761
0.015855039637599096,0.02046398,14.000000000000002,18.069694988429546
0.04530011325028313,0.016272359,40.0,14.368492640554903
0.0,0.012503497,0.0,11.040588118135929
0.0,0.00541237,0.0,4.779122680425644
0.0,0.016419336,0.0,14.498273864388464
0.0,0.018116675,0.0,15.997024305164812
0.0,0.00755091,0.0,6.667453631758689
0.0,-0.0015870258,0.0,-1.4013438001275063
0.0,0.0055302456,0.0,4.883206866681576
0.0,0.01266259,0.0,11.181066572666168
0.0,0.018571109,0.0,16.398288875818253
0.0,0.021364562,0.0,18.864908434450626
0.014722536806342017,0.022876494,13.0,20.199943877756596
0.04643261608154021,0.026205264,41.0,23.13924814015627
0.04530011325028313,0.0172498,40.0,15.231573633849619
0.0,0.007477626,0.0,6.602743938565253
0.0,0.008809231,0.0,7.778551168739795
0.0,0.008083336,0.0,7.13758573681116
0.027180067950169876,0.034111485,24.0,30.120441153645512
0.015855039637599096,0.013650127,14.000000000000002,12.053061924874783
0.0,0.013800964,0.0,12.186250999569893
0.004530011325028313,0.026131079,4.0,23.073742404580116
0.0,0.020993978,0.0,18.537682384252548
0.0,0.019739553,0.0,17.430025592446327
0.0,0.017916553,0.0,15.820316053926943
0.0,0.013822526,0.0,12.205290228128433
0.03397508493771235,0.027568422,30.0,24.34291685372591
0.005662514156285391,0.028131805,5.0,24.840384133160114
0.009060022650056626,0.019051455,8.0,16.82243473082781
0.11778029445073614,0.0038776472,104.0,3.423962496221065
0.0,-0.008829221,0.0,-7.7962022572755805
0.0,0.0064100996,0.0,5.660117916762829
0.0011325028312570782,0.10500513,1.0,92.71952994167805
0.0011325028312570782,0.08616637,1.0,76.08490200340748
0.035107587768969425,0.02525109,31.0,22.296712934970856
0.004530011325028313,0.01481647,4.0,13.08294340223074
0.0,0.026907116,0.0,23.758983582258224
0.0,0.03575428,0.0,31.57102774083614
0.0,0.014220886,0.0,12.5570422783494
0.07701019252548132,0.015726276,68.0,13.886301480233668
0.028312570781426957,0.019296207,25.0,17.03855036944151
0.07587768969422425,0.017693326,67.0,15.623206749558447
0.03850509626274066,0.018758997,34.0,16.56419463455677
0.0,0.02432973,0.0,21.48315104097128
0.0,0.028865859,0.0,25.488553419709206
0.04983012457531144,0.03029497,44.0,26.75045822560787
0.07587768969422425,0.027195543,67.0,24.01366451382637
0.021517553793884488,0.012888715,19.0,11.38073505461216
0.05889014722536807,0.019047536,52.0,16.818974249064922
0.0,0.0074571446,0.0,6.58465864509344
0.0,0.007471256,0.0,6.597119010984897
0.0,0.0058180913,0.0,5.137374646961689
0.0,0.01780089,0.0,15.718185789883135
0.0,0.0054874867,0.0,4.845450773835182
0.0,0.0030505583,0.0,2.6936429515480995
0.0,0.0065883324,0.0,5.817497469484806
0.0,0.007690318,0.0,6.790550731122493
0.0,0.012071088,0.0,10.65877066552639
0.0,0.0053214952,0.0,4.6988802924752235
0.004530011325028313,0.029764853,4.0,26.282365567982193
0.043035107587768975,0.027649194,38.0,24.414238303899765
0.1755379388448471,0.019713193,155.0,17.406749576330185
0.19932049830124576,0.0124781355,176.0,11.018193669617176
0.0,0.012714602,0.0,11.22699361294508
0.0,0.016818218,0.0,14.850486434996126
0.0,0.016539723,0.0,14.604575127363203
0.1551528878822197,0.0763834,137.0,67.44653953611851
0.07701019252548132,0.023436703,68.0,20.694608561694622
0.11891279728199321,0.086206734,105.0,76.12054628133774
0.13363533408833522,0.09926689,118.0,87.6526609659195
0.0,0.024853282,0.0,21.945447720587254
0.0,0.029105663,0.0,25.700300693511963
0.0,0.032398663,0.0,28.608019836246964
0.0,0.051916815,0.0,45.842547945678234
0.13476783691959232,0.111273564,119.00000000000001,98.25455736368895
0.027180067950169876,0.16216493,24.0,143.19163012504578
0.03850509626274066,0.17053798,34.0,150.5850349366665
0.13816534541336353,0.028454222,121.99999999999999,25.125077836215496
0.0,0.028027408,0.0,24.748201109468937
0.0,0.034617044,0.0,30.56684987992048
0.05436013590033975,0.14619048,48.0,129.08619330823421
0.12797281993204984,0.14677978,113.0,129.60654187202454
0.15402038505096263,0.068099596,136.0,60.131942920386784
0.07587768969422425,0.037083052,67.0,32.74433500319719
0.0,0.046878044,0.0,41.393312465399504
0.0,0.06131631,0.0,54.142302930355065
0.0,0.044580776,0.0,39.364825423806906
0.26160815402038506,0.04420686,231.0,39.03465862199664
0.020385050962627407,0.2166304,18.0,191.28464251756668
0.08154020385050963,0.31895196,72.0,281.6345845460892
0.10192525481313704,0.22541675,90.0,199.04298999905586
0.01925254813137033,0.032017387,17.0,28.27135311812162
0.04983012457531144,0.0419522,44.0,37.04379280656576
0.07587768969422425,0.22582099,67.0,199.39993277192116
0.021517553793884488,0.10185136,19.0,89.93475000560284
0.05889014722536807,0.0642421,52.0,56.72577624768018
0.0,0.027212553,0.0,24.028684057295322
0.0,0.011567175,0.0,10.213815867900848
0.0,0.020778336,0.0,18.347270362079144
0.0,0.021274194,0.0,18.785113409161568
0.0,0.008805692,0.0,7.77542620897293
0.0,-0.0003080666,0.0,-0.2720228135585785
0.0,0.00674399,0.0,5.95494306832552
0.0,0.013543256,0.0,11.958694718778133
0.0,0.019324139,0.0,17.063214525580406
0.004530011325028313,0.022629216,4.0,19.981598004698753
0.043035107587768975,0.024385981,38.0,21.53282145410776
0.1755379388448471,0.030871488,155.0,27.25952403992414
0.19932049830124576,0.019655056,176.0,17.35541471093893
0.0,0.011401951,0.0,10.0679230093956
0.0,0.01910685,0.0,16.871348574757576
0.0,0.0075706393,0.0,6.684874460101127
0.1551528878822197,0.051601425,137.0,45.56405811011791
0.07701019252548132,0.055458,68.0,48.969415582716465
0.11891279728199321,0.04822991,105.0,42.58701091259718
0.13363533408833522,0.08645348,118.0,76.33842505514622
0.0,0.03336952,0.0,29.465285114943978
0.0,0.036254585,0.0,32.01279836893082
0.0,0.044828106,0.0,39.58321734890342
0.0,0.0772832,0.0,68.24106878042221
0.13476783691959232,0.11413774,119.00000000000001,100.78362348675728
0.027180067950169876,0.1227187,24.0,108.36061146110295
0.03850509626274066,0.15792066,34.0,139.44394153356552
0.13816534541336353,0.03173273,121.99999999999999,28.02000109106302
0.0,-0.012679957,0.0,-11.19640190154314
0.0,0.024776325,0.0,21.877494648098946
0.05436013590033975,0.23194528,48.0,204.807678937912
0.12797281993204984,0.14898536,113.0,131.554069429636
0.15402038505096263,0.035192512,136.0,31.074988074600693
0.07587768969422425,0.038065605,67.0,33.61192909628153
0.0,0.08005185,0.0,70.6857807263732
0.0,0.06464577,0.0,57.08221244812011
0.0,0.031107701,0.0,27.468100301921364
0.26160815402038506,0.04490847,231.0,39.654180251061916
0.020385050962627407,0.23193577,18.0,204.7992843091488
0.08154020385050963,0.30011964,72.0,265.00564074516296
0.10192525481313704,0.0721573,90.0,63.71489679068326
0.0,0.109672084,0.0,96.8404505699873
0.0,0.05155375,0.0,45.52195996791124
0.1517553793884485,0.063843414,134.0,56.37373472750186
0.13023782559456398,0.16101934,114.99999999999999,142.18007735908031
0.06568516421291054,0.13337886,58.0,117.77353632450102
0.07587768969422425,0.119149745,67.0,105.2092244029045
0.0,0.02598188,0.0,22.942000679671764
0.0,0.02856747,0.0,25.22507654875517
0.0,0.05260077,0.0,46.446480959653854
0.0,0.06601321,0.0,58.289664007723324
0.0,0.03945128,0.0,34.8354791328311
0.0,0.03115756,0.0,27.51212605088949
0.0,0.03231796,0.0,28.536757595837113
0.0,0.092880145,0.0,82.01316778361797
0.0,0.039759837,0.0,35.1079361513257
0.0,0.044994622,0.0,39.730251640081406
0.06342015855039639,0.094754875,56.00000000000001,83.66855436563492
0.021517553793884488,0.108914986,19.0,96.17193286120892
0.0022650056625141564,0.16348514,2.0,144.35737827420235
0.0,0.19244024,0.0,169.92473331093788
0.0,0.009980939,0.0,8.813169427216053
0.0,-0.008308582,0.0,-7.336477912962436
0.0,0.006175734,0.0,5.453173212707043
0.04643261608154021,0.07607435,41.0,67.17364831268787
0.1664779161947905,0.0056915134,147.0,5.025606349110603
0.1087202718006795,0.006527014,96.0,5.763353429734707
0.1506228765571914,0.028585128,133.0,25.240668453276157
0.0,0.029374994,0.0,25.938120000064373
0.0,0.035447553,0.0,31.300189122557637
0.0,0.028257914,0.0,24.951737962663174
0.0,0.03473223,0.0,30.668559096753594
0.12797281993204984,0.13280904,113.0,117.27038490772246
0.20385050962627407,0.12001853,180.0,105.97635926306246
0.24348810872027182,0.11548078,215.0,101.9695292711258
0.052095130237825596,0.06790799,46.0,59.96275430917739
0.0,0.026382796,0.0,23.29600927978754
0.0,0.021640338,0.0,19.108418457210064
0.22536806342015855,0.16901067,199.0,149.23642072081566
0.19592298980747452,0.14103708,173.0,124.53573873639105
0.08720271800679502,0.16999137,77.0,150.10238325595856
0.014722536806342017,0.19038324,13.0,168.1084014326334
0.0,0.036547117,0.0,32.271104253828526
0.0,0.009609118,0.0,8.484851285815239
0.0,0.019188352,0.0,16.943314753472805
0.0,0.04911432,0.0,43.367944937199354
0.0,0.058526985,0.0,51.67932806164026
0.035107587768969425,0.059884276,31.0,52.87781592085957
0.12684031710079277,0.034284614,112.00000000000001,30.273314185440537
0.11325028312570783,0.02360405,100.0,20.84237639605999
0.1517553793884485,0.017480403,134.0,15.435196012258528
0.13023782559456398,0.11818254,114.99999999999999,104.35518276691437
0.06568516421291054,0.15850753,58.0,139.96214538812637
0.07587768969422425,0.095508724,67.0,84.33420369029045
0.0,0.014536321,0.0,12.835571587085724
0.0,0.008018695,0.0,7.080507524311542
0.0,0.03450752,0.0,30.470140598714348
0.0,0.08686665,0.0,76.70324930548668
0.0,0.06507069,0.0,57.45741814374923
0.0,0.029042467,0.0,25.64449878036976
0.0,0.030133754,0.0,26.60810479521751
0.0,0.07097717,0.0,62.67283783853053
0.0,0.0691621,0.0,61.070134788751595
0.06342015855039639,0.13313013,56.00000000000001,117.5539075732231
0.021517553793884488,0.10490048,19.0,92.62712323665619
0.0022650056625141564,0.17310554,2.0,152.85218995809555
0.0,0.1077117,0.0,95.10943338274956
0.0,0.017047979,0.0,15.053365401923655
0.0,0.014322229,0.0,12.646527968347073
0.0,0.04799256,0.0,42.377431374043226
0.04643261608154021,0.09261095,41.0,81.77546689659357
0.1664779161947905,0.028990611,147.0,25.598709896206856
0.1087202718006795,0.01597,96.0,14.10150923579931
0.1506228765571914,0.026604943,133.0,23.49216464906931
0.0,0.05577687,0.0,49.250977747142315
0.0,0.05382358,0.0,47.526220347732306
0.0,0.03315351,0.0,29.274550728499886
0.0,0.023470186,0.0,20.724173970520496
0.12797281993204984,0.0898712,113.0,79.35626778006554
0.20385050962627407,0.10487065,180.0,92.60078147053719
0.24348810872027182,0.14187211,215.0,125.27307134866713
0.052095130237825596,0.10912435,46.0,96.35679890215397
0.0,-0.0014550239,0.0,-1.2847860902547836
0.0,0.016971849,0.0,14.986142583191393
0.22536806342015855,0.18147984,199.0,160.24670001864433
0.19592298980747452,0.14025769,173.0,123.84753707051276
0.08720271800679502,0.11853075,77.0,104.6626524925232
0.014722536806342017,0.13528603,13.0,119.45756727457045
0.0,0.050182745,0.0,44.31136371195316
0.0,0.020535298,0.0,18.132667861878872
0.0,0.021857671,0.0,19.300323881208897
0.0,0.079120345,0.0,69.86326500028372
0.0,0.080805555,0.0,71.35130505263805
0.035107587768969425,0.05341228,31.0,47.16304410248995
0.12684031710079277,0.021078996,112.00000000000001,18.61275378614664
0.0,0.023389615,0.0,20.653030149638653
0.0,0.028312095,0.0,24.999579451978207
0.005662514156285391,0.039307214,5.0,34.708270244300365
0.02491506228765572,0.024913035,22.0,21.998210199177265
0.011325028312570783,0.008582853,10.0,7.578659005463122
0.028312570781426957,0.010778062,25.0,9.517028786242008
0.0,0.0043213516,0.0,3.815753504633903
0.0,0.008883074,0.0,7.843754276633262
0.0,0.0032870248,0.0,2.9024428948760033
0.0,0.01350192,0.0,11.922195188701153
0.0,0.003008388,0.0,2.6564065888524055
0.0,0.0014723763,0.0,1.3001082614064217
0.0,0.0044276193,0.0,3.9095878228545184
0.0,0.0043490157,0.0,3.840180821716785
0.0,0.009619474,0.0,8.493995904922485
0.0,0.0029055178,0.0,2.5655722320079803
0.0,0.02610562,0.0,23.05126243084669
0.0,0.025116585,0.0,22.177944727241993
0.0,0.017038025,0.0,15.04457604140043
0.0,0.0067865252,0.0,5.992501795291901
0.0,-0.0024741068,0.0,-2.1846363469958305
0.0,-0.009552948,0.0,-8.435253240168095
0.0,-0.00035391003,0.0,-0.31250255554914474
0.0033975084937712344,0.010167927,3.0,8.978279143571854
0.02491506228765572,0.008025885,22.0,7.086856126785277
0.0022650056625141564,0.010703512,2.0,9.451200686395168
0.0,0.010469951,0.0,9.244966499507427
0.0,-0.00077182055,0.0,-0.6815175414085388
0.0,0.0049386024,0.0,4.360785961151123
0.0,-0.0027230307,0.0,-2.4044361487030983
0.0,-0.00020682812,0.0,-0.18262922763824463
0.0,0.018914677,0.0,16.701659969985485
0.011325028312570783,0.006111972,10.0,5.39687130600214
0.014722536806342017,0.011904053,13.0,10.51127914339304
0.0022650056625141564,0.0039783493,2.0,3.512882404029369
0.0,0.0011655465,0.0,1.029177539050579
0.0,0.00517457,0.0,4.569145120680332
0.015855039637599096,0.027366787,14.000000000000002,24.164873093366623
0.010192525481313703,0.022157669,9.0,19.565221786499023
0.004530011325028313,0.017410628,4.0,15.373584963381289
0.03737259343148358,0.015220292,33.0,13.439517758786677
0.0,-0.005018167,0.0,-4.43104163557291
0.0,-0.00069019943,0.0,-0.6094461008906364
0.0,0.011184968,0.0,9.87632679194212
0.0,0.022908367,0.0,20.22808825224638
0.0,0.024336457,0.0,21.489091753959656
0.0,0.025096692,0.0,22.16037916392088
0.0,0.016051583,0.0,14.173547782003878
0.0,0.019707568,0.0,17.401782535016537
0.005662514156285391,0.015805908,5.0,13.956616364419459
0.02491506228765572,0.03033764,22.0,26.788135372102257
0.011325028312570783,0.01701124,10.0,15.020925030112265
0.028312570781426957,0.015297532,25.0,13.507720828056334
0.0,0.0051693246,0.0,4.564513601362705
0.0,0.0017781928,0.0,1.5701442584395409
0.0,0.014621027,0.0,12.910366676747799
0.0,0.017840557,0.0,15.753211654722689
0.0,0.0071745366,0.0,6.335115805268288
0.0,-0.002018027,0.0,-1.7819178476929662
0.0,0.005124368,0.0,4.524816744029522
0.0,0.012361422,0.0,10.91513578593731
0.0,0.018294096,0.0,16.15368676185608
0.0,0.020940565,0.0,18.490518517792225
0.0,0.022352837,0.0,19.737555094063282
0.0,0.02458325,0.0,21.707010000944138
0.0,0.016344033,0.0,14.431781299412249
0.0,0.0061693266,0.0,5.447515390813351
0.0,0.003001161,0.0,2.6500250920653343
0.0,0.010859214,0.0,9.588685758411884
0.0033975084937712344,0.030950435,3.0,27.32923366874456
0.02491506228765572,0.016703852,22.0,14.749500893056391
0.0022650056625141564,0.016861841,2.0,14.889005675911902
0.0,0.02101738,0.0,18.55834659188986
0.0,0.019816324,0.0,17.497814193367958
0.0,0.019233473,0.0,16.983156345784664
0.0,0.018615037,0.0,16.43707785010338
0.0,0.013838977,0.0,12.219816356897354
0.0,0.026040763,0.0,22.993993431329727
0.011325028312570783,0.02106475,10.0,18.600175000727177
0.014722536806342017,0.013800159,13.0,12.185540482401848
0.0022650056625141564,0.004579425,2.0,4.04363214969635
0.0,-0.004534222,0.0,-4.003718189895153
0.0,0.00089811534,0.0,0.7930358424782753
0.015855039637599096,0.027995579,14.000000000000002,24.720096208155155
0.010192525481313703,0.02323196,9.0,20.51382141560316
0.004530011325028313,0.022062413,4.0,19.481111027300358
0.03737259343148358,0.018597662,33.0,16.42173594236374
0.0,0.016563162,0.0,14.625272229313849
0.0,0.00842531,0.0,7.439548954367637
0.0,0.009864375,0.0,8.710243120789528
0.0,0.023112796,0.0,20.408599086105824
0.0,0.022867464,0.0,20.19197029620409
0.0,0.0182148,0.0,16.083667926490307
0.0,0.01906138,0.0,16.831197775900364
0.0,0.02421014,0.0,21.377553716301918
0.0,0.026081704,0.0,23.030144281685352
0.3171007927519819,0.02367188,280.0,20.90227036178112
0.5345413363533409,0.23622474,472.0,208.58644607663155
0.40770101925254815,0.23209804,360.0,204.94257193803787
0.4620611551528879,0.2676933,408.0,236.3731935918331
0.0,0.09410728,0.0,83.09672620147467
0.0,0.010814078,0.0,9.548831008374691
0.0,0.13496105,0.0,119.17061044275759
0.0,0.1612787,0.0,142.4090875685215
0.0,0.059040777,0.0,52.13300643116236
0.0,0.022351913,0.0,19.736739315092564
0.0,0.027984343,0.0,24.710175283253193
0.0,0.21329406,0.0,188.33865413069725
0.0,0.09919042,0.0,87.58514209836721
0.0,0.16569808,0.0,146.3114057481289
0.29218573046432617,0.39459863,258.0,348.4305929839611
0.2548131370328426,0.302814,225.0,267.3847680091858
0.5288788221970555,0.27911958,467.0,246.46259000897405
0.5266138165345414,0.28341538,465.00000000000006,250.25577801465985
0.0,0.023124985,0.0,20.419362105429173
0.0,0.005307518,0.0,4.6865383461117744
0.0,0.00040318072,0.0,0.3560085743665695
0.5821064552661382,0.41613877,514.0,367.45053231716156
0.5832389580973952,0.4266023,515.0,376.6898344159126
0.5832389580973952,0.49658144,515.0,438.4814072847366
0.5832389580973952,0.5588755,515.0,493.4870675206184
0.0,0.373321,0.0,329.64244014024734
0.0,0.52100813,0.0,460.05018222331995
0.0,0.61938083,0.0,546.9132744073868
0.0,0.5967732,0.0,526.9507419466972
0.5821064552661382,0.6807764,514.0,601.1255764365196
0.5832389580973952,0.6013302,515.0,530.974584877491
0.5821064552661382,0.6335001,514.0,559.3805875778198
0.5617214043035108,0.47907248,496.0,423.0210010707378
0.0,0.08027883,0.0,70.8862057775259
0.0,0.11497272,0.0,101.52091004699469
0.5571913929784825,0.48864877,492.00000000000006,431.47686588764185
0.5617214043035108,0.51166093,496.0,451.7966042757034
0.5447338618346547,0.48009974,481.00000000000006,423.9280683398246
0.5753114382785958,0.4047982,508.0,357.43681913614273
0.0,0.3434641,0.0,303.27880588173866
0.0,0.43183273,0.0,381.3083012700081
0.0,0.36723045,0.0,324.26448306441307
0.4937712344280861,0.3560391,436.0,314.3825313448906
0.332955832389581,0.42622814,294.0,376.3594439327717
0.4065685164212911,0.43943977,359.0,388.0253200531006
0.43827859569648925,0.36235338,387.0,319.95803850889206
0.29331823329558326,0.42251047,259.0,373.0767493546009
0.3171007927519819,0.16932449,280.0,149.51352241635323
0.5345413363533409,0.1231647,472.0,108.75442875921725
0.40770101925254815,0.12337445,360.0,108.93963690102099
0.4620611551528879,0.26300785,408.0,232.2359310686588
0.0,0.1107704,0.0,97.81026045233011
0.0,0.05669427,0.0,50.061039686203
0.0,0.068610854,0.0,60.58338447660207
0.0,0.08300151,0.0,73.29033271968365
0.0,0.060002744,0.0,52.98242312669753
0.0,0.038626432,0.0,34.10713982582092
0.0,0.041791204,0.0,36.90163345262408
0.0,0.072701044,0.0,64.19502218812704
0.0,0.06747728,0.0,59.58243683725595
0.29218573046432617,0.38160783,258.0,336.95971435308456
0.2548131370328426,0.37943578,225.0,335.041791677475
0.5288788221970555,0.29752177,467.0,262.7117229104042
0.5266138165345414,0.16789442,465.00000000000006,148.25077551603317
0.0,0.030433625,0.0,26.872890859842297
0.0,0.049612872,0.0,43.80816624313593
0.0,-0.0056297034,0.0,-4.971028104424477
0.5821064552661382,0.44457868,514.0,392.5629721581936
0.5832389580973952,0.43167368,515.0,381.1678557097912
0.5832389580973952,0.443313,515.0,391.44538128376007
0.5832389580973952,0.4633798,515.0,409.16436368227005
0.0,0.08713756,0.0,76.94246333092451
0.0,0.3947147,0.0,348.53309166431427
0.0,0.5737396,0.0,506.61205643415445
0.0,0.44418794,0.0,392.21795028448105
0.5821064552661382,0.54988015,514.0,485.54416978359217
0.5832389580973952,0.51257956,515.0,452.60775172710413
0.5821064552661382,0.4425027,514.0,390.7298904955387
0.5617214043035108,0.3394818,496.0,299.7624301016331
0.0,0.0068939254,0.0,6.087336100637913
0.0,-0.008518219,0.0,-7.521587371826171
0.5571913929784825,0.44450173,492.00000000000006,392.49502566456795
0.5617214043035108,0.41738257,496.0,368.5488076508045
0.5447338618346547,0.37164265,481.00000000000006,328.1604592204094
0.5753114382785958,0.37395847,508.0,330.20532763004303
0.0,0.3921159,0.0,346.2383317351341
0.0,0.29818636,0.0,263.2985574603081
0.0,0.14720151,0.0,129.97893181443214
0.4937712344280861,0.3172457,436.0,280.127946048975
0.332955832389581,0.39760903,294.0,351.08876928687096
0.4065685164212911,0.3184174,359.0,281.16256430745125
0.43827859569648925,0.20345193,387.0,179.64805549383163
0.0,0.29703364,0.0,262.28070214390755
0.0,0.3082222,0.0,272.16020652651787
0.27519818799547,0.12763517,243.0,112.70185162127017
0.2502831257078143,0.082445815,221.0,72.79965482652187
0.1766704416761042,0.16784412,156.0,148.20635503530502
0.20498301245753114,0.24484152,181.0,216.19505864381787
0.0,0.05503833,0.0,48.598844695836306
0.0,0.036402702,0.0,32.14358615875244
0.0,0.046522096,0.0,41.07901059091091
0.0,0.07811431,0.0,68.97493433207273
0.0,0.04352795,0.0,38.43517949804664
0.0,0.031908043,0.0,28.1748017296195
0.0,0.035281554,0.0,31.15361206233501
0.0,0.14620368,0.0,129.0978510528803
0.0,0.08177232,0.0,72.20495853573084
0.0,0.07520135,0.0,66.40278981626034
0.17893544733861835,0.26591742,158.0,234.80508220195767
0.19365798414496038,0.24765635,171.0,218.6805529594421
0.19365798414496038,0.24674788,171.0,217.87837907671926
0.18459796149490376,0.28479558,163.0,251.47449916601178
0.0,0.016584389,0.0,14.64401540905237
0.0,-0.006470047,0.0,-5.713051445782185
0.0,0.016065009,0.0,14.185402892529963
0.19026047565118914,0.21176067,168.0,186.98467156291008
0.08154020385050963,0.17684521,72.0,156.1543184965849
0.10532276330690828,0.16009286,93.0,141.36199578642845
0.07134767836919592,0.15912417,62.99999999999999,140.5066383779049
0.0,0.0332335,0.0,29.345181398093697
0.0,0.029432654,0.0,25.989033818244934
0.0,0.02659247,0.0,23.48115163296461
0.0,0.048172045,0.0,42.53591617569327
0.18799546998867497,0.1472684,166.0,130.03799684345722
0.2231030577576444,0.14485572,197.0,127.90760321915148
0.12684031710079277,0.14590974,112.00000000000001,128.8383017629385
0.09852774631936581,0.0424129,87.0,37.45059020072222
0.0,0.019200519,0.0,16.954058036208153
0.0,0.016980432,0.0,14.993721432983873
0.09739524348810873,0.1277089,86.0,112.76695604622363
0.09966024915062288,0.1621086,88.0,143.14189392328262
0.13137032842582108,0.14592841,116.0,128.8547883927822
0.3125707814269536,0.09358135,276.0,82.63233086466789
0.0,0.05691003,0.0,50.25155697017908
0.0,0.110972784,0.0,97.98896867781878
0.0,0.14663747,0.0,129.48088559508324
0.24235560588901475,0.18284762,214.0,161.45444762706757
0.3023782559456399,0.07540722,267.0,66.5845769494772
0.30011325028312574,0.15871684,265.0,140.14697195589542
0.24348810872027182,0.28044638,215.0,247.63415387272832
0.23103057757644396,0.310252,204.0,273.9525255560875
0.27519818799547,0.15666658,243.0,138.336587369442
0.2502831257078143,0.12433783,221.0,109.79030358046292
0.1766704416761042,0.17295104,156.0,152.7157706618309
0.20498301245753114,0.25781718,181.0,227.6525690257549
0.0,0.061298553,0.0,54.12662221118807
0.0,0.03035447,0.0,26.8029970228672
0.0,0.041708663,0.0,36.828749522566795
0.0,0.064450644,0.0,56.909918613731854
0.0,0.06662096,0.0,58.82630841434001
0.0,0.04289777,0.0,37.87872942537069
0.0,0.0402651,0.0,35.55408172309399
0.0,0.065373205,0.0,57.72453970462083
0.0,0.09116394,0.0,80.49775966256857
0.17893544733861835,0.2675949,158.0,236.28629997372624
0.19365798414496038,0.27304164,171.0,241.09576436877248
0.19365798414496038,0.22476256,171.0,198.46533954143524
0.18459796149490376,0.13782525,163.0,121.69969630241393
0.0,0.027219094,0.0,24.034460298717022
0.0,0.02083388,0.0,18.396315783262253
0.0,0.024598919,0.0,21.720845349133015
0.19026047565118914,0.23328438,168.0,205.99011108279228
0.08154020385050963,0.23406032,72.0,206.67526015639305
0.10532276330690828,0.16922048,93.0,149.42168149352074
0.07134767836919592,0.10677009,62.99999999999999,94.27799014002085
0.0,0.032507695,0.0,28.704294912517067
0.0,0.034450673,0.0,30.4199438765645
0.0,0.038698077,0.0,34.1704021692276
0.0,0.096123725,0.0,84.87724933028221
0.18799546998867497,0.1517144,166.0,133.96381472051144
0.2231030577576444,0.13133824,197.0,115.97166478633879
0.12684031710079277,0.14977077,112.00000000000001,132.2475868165493
0.09852774631936581,0.07043028,87.0,62.18993616104125
0.0,-0.0130938515,0.0,-11.561870880424976
0.0,0.004490502,0.0,3.965113423764705
0.09739524348810873,0.16488177,86.0,145.59059923887253
0.09966024915062288,0.15571988,88.0,137.50065076351166
0.13137032842582108,0.104386404,116.0,92.17319487035275
0.3125707814269536,0.090335965,276.0,79.76665723323822
0.0,0.07458872,0.0,65.86184283345938
0.0,0.07516182,0.0,66.36788894981146
0.0,0.1034747,0.0,91.36815918236971
0.24235560588901475,0.10455464,214.0,92.3217455893755
0.3023782559456399,0.07042012,267.0,62.18096917122602
0.30011325028312574,0.15825438,265.0,139.73862195014954
0.24348810872027182,0.18735039,215.0,165.43039643764496
0.0,0.12485952,0.0,110.25095554441212
0.0,0.13426204,0.0,118.5533815473318
0.0011325028312570782,0.07792299,1.0,68.80600229650736
0.0011325028312570782,0.06719427,1.0,59.33253873884677
0.035107587768969425,0.06496853,31.0,57.36720877885818
0.0011325028312570782,0.06746565,1.0,59.57216723263263
0.0,0.019416243,0.0,17.144542425870895
0.0,0.0206232,0.0,18.210285283625126
0.0,0.008155957,0.0,7.201709911227225
0.0,0.016327359,0.0,14.417057804763315
0.0,0.0055346116,0.0,4.887062080204487
0.0,0.003098406,0.0,2.7358924075961113
0.0,0.0068496913,0.0,6.048277392983437
0.0,0.007690318,0.0,6.790550731122493
0.0,0.012071088,0.0,10.65877066552639
0.0,0.0053214952,0.0,4.6988802924752235
0.0011325028312570782,0.029764853,1.0,26.282365567982193
0.0011325028312570782,0.027988732,1.0,24.714050233364105
0.0011325028312570782,0.019983709,1.0,17.64561492204666
0.0011325028312570782,0.009264164,1.0,8.180256523191929
0.0,-0.0012386367,0.0,-1.0937161818146706
0.0,-0.008904912,0.0,-7.863036923110484
0.0,0.00012844056,0.0,0.11341301351785658
0.0011325028312570782,0.010745086,1.0,9.487910740077496
0.0011325028312570782,0.0026846305,1.0,2.3705286905169487
0.0011325028312570782,0.00087413937,1.0,0.7718650624155998
0.0011325028312570782,0.007738672,1.0,6.833247549831866
0.0,-0.0033932626,0.0,-2.9962508976459503
0.0,0.006203145,0.0,5.477376848459244
0.0,-0.0026212484,0.0,-2.3145623058080673
0.0,0.00084777176,0.0,0.7485824674367905
0.0011325028312570782,0.019106284,1.0,16.870848581194878
0.0,0.0060811564,0.0,5.369661130011082
0.0,0.012316793,0.0,10.875728398561478
0.0,0.0034037977,0.0,3.0055534094572067
0.0,-0.00071474165,0.0,-0.6311168745160103
0.0,0.0030820817,0.0,2.721478119492531
0.0,0.022567116,0.0,19.92676318436861
0.0,0.021747604,0.0,19.20313434302807
0.0011325028312570782,0.014011741,1.0,12.372367024421692
0.04643261608154021,0.009748973,41.0,8.608343116939068
0.0,-0.0067513585,0.0,-5.961449563503265
0.0,-0.0035422072,0.0,-3.1277689412236214
0.0,0.0064175054,0.0,5.66665730625391
0.0033975084937712344,0.016630635,3.0,14.684850409626959
0.0033975084937712344,0.02169954,3.0,19.16069409996271
0.0033975084937712344,0.02859521,3.0,25.24956965446472
0.0033975084937712344,0.016664632,3.0,14.714869759976862
0.004530011325028313,0.014562152,4.0,12.858380503952503
0.0011325028312570782,0.01363828,1.0,12.04260153323412
0.0011325028312570782,0.039933197,1.0,35.26101312786341
0.035107587768969425,0.020005561,31.0,17.664910726249218
0.0011325028312570782,0.017291628,1.0,15.268507368862627
0.0,0.008357212,0.0,7.379418149590491
0.0,0.006978914,0.0,6.162381187081337
0.0,0.0149250105,0.0,13.178784273564814
0.0,0.018018417,0.0,15.910262264311312
0.0,0.008576617,0.0,7.573152497410773
0.0,0.000663206,0.0,0.585610881447792
0.0,0.008571081,0.0,7.56826440244913
0.0,0.013543256,0.0,11.958694718778133
0.0,0.019324139,0.0,17.063214525580406
0.0011325028312570782,0.022629216,1.0,19.981598004698753
0.0011325028312570782,0.02462881,1.0,21.747239746153355
0.0011325028312570782,0.0315895,1.0,27.893529035151
0.0011325028312570782,0.019499958,1.0,17.21846252679825
0.0,0.007371478,0.0,6.509014882147312
0.0,0.0038708225,0.0,3.4179362580180164
0.0,0.011246555,0.0,9.930707670748234
0.0011325028312570782,0.033497564,1.0,29.57834944874048
0.0011325028312570782,0.013615176,1.0,12.022200480103493
0.0011325028312570782,0.013418786,1.0,11.848788239061832
0.0011325028312570782,0.01978004,1.0,17.46577513217926
0.0,0.019273564,0.0,17.01855720579624
0.0,0.020418517,0.0,18.029550768435
0.0,0.017501183,0.0,15.453544460237024
0.0,0.01293125,0.0,11.41829378157854
0.0011325028312570782,0.025607586,1.0,22.61149835586548
0.0,0.0205357,0.0,18.133023120462894
0.0,0.01442153,0.0,12.734211049973965
0.0,0.0037261099,0.0,3.290155008435249
0.0,-0.0057411715,0.0,-5.0694544687867165
0.0,0.00070581585,0.0,0.623235397040844
0.0,0.026513375,0.0,23.41131042689085
0.0,0.022876866,0.0,20.20027282088995
0.0011325028312570782,0.019852497,1.0,17.52975457161665
0.04643261608154021,0.014908373,41.0,13.164093673229216
0.0,0.013586871,0.0,11.997207380831242
0.0,0.007024832,0.0,6.202926717698574
0.0,0.007752888,0.0,6.845800019800662
0.0033975084937712344,0.017019697,3.0,15.028392039239405
0.0033975084937712344,0.020978816,3.0,18.524294398725033
0.0033975084937712344,0.018667795,3.0,16.483662776649
0.0033975084937712344,0.018842824,3.0,16.63821341842413
0.0,0.022392042,0.0,19.772173069417477
0.0,0.024856813,0.0,21.94856610149145
